timestamp_utc,source,city,start_date,end_date,bbox_west,bbox_south,bbox_east,bbox_north,crs,files,notes
2026-02-09T13:44:31,osm_roads,Bengaluru,2024-01-01,2024-12-31,77.45,12.8,77.75,13.1,EPSG:4326,['C:\\Users\\cyber\\OneDrive\\Documents\\sentient\\data\\raw\\osm\\2024\\01\\osm_roads_bengaluru_20260209T134418.json'],Raw OSM road network from Overpass API.
2026-02-09T13:45:13,landsat,Bengaluru,2024-01-01,2024-12-31,77.45,12.8,77.75,13.1,,['C:\\Users\\cyber\\OneDrive\\Documents\\sentient\\data\\raw\\landsat\\2024\\01\\landsat_request_bengaluru_202401.json'],Stub Landsat ingestion. Replace with real USGS/ESA download.
2026-02-09T13:45:34,nightlights,Bengaluru,2024-01-01,2024-12-31,77.45,12.8,77.75,13.1,,['C:\\Users\\cyber\\OneDrive\\Documents\\sentient\\data\\raw\\nightlights\\2024\\01\\viirs_request_bengaluru_202401.json'],Stub VIIRS night-lights ingestion. Replace with real NASA/NOAA download.
2026-02-09T13:45:45,population,Bengaluru,2024-01-01,2024-12-31,77.45,12.8,77.75,13.1,,['C:\\Users\\cyber\\OneDrive\\Documents\\sentient\\data\\raw\\population\\2024\\01\\population_request_bengaluru_202401.json'],Stub population ingestion. Replace with real WorldPop/GHSL download.
2026-02-11T12:27:52,landsat,Bengaluru,2024-01-01,2024-12-31,77.45,12.8,77.75,13.1,,['C:\\Users\\cyber\\OneDrive\\Documents\\sentient\\data\\raw\\landsat\\2024\\01\\landsat_request_bengaluru_202401.json'],Stub Landsat ingestion. Replace with real USGS/ESA download.
2026-02-11T12:27:53,population,Bengaluru,2024-01-01,2024-12-31,77.45,12.8,77.75,13.1,,['C:\\Users\\cyber\\OneDrive\\Documents\\sentient\\data\\raw\\population\\2024\\01\\population_request_bengaluru_202401.json'],Stub population ingestion. Replace with real WorldPop/GHSL download.
2026-02-11T12:27:55,nightlights,Bengaluru,2024-01-01,2024-12-31,77.45,12.8,77.75,13.1,,['C:\\Users\\cyber\\OneDrive\\Documents\\sentient\\data\\raw\\nightlights\\2024\\01\\viirs_request_bengaluru_202401.json'],Stub VIIRS night-lights ingestion. Replace with real NASA/NOAA download.
2026-02-11T12:28:43,osm_roads,Bengaluru,2024-01-01,2024-12-31,77.45,12.8,77.75,13.1,EPSG:4326,['C:\\Users\\cyber\\OneDrive\\Documents\\sentient\\data\\raw\\osm\\2024\\01\\osm_roads_bengaluru_20260211T122810.json'],Raw OSM road network from Overpass API.
2026-02-11T12:30:11+00:00,osm_roads,Bengaluru,2024-01-01,2024-12-31,77.45,12.8,77.75,13.1,EPSG:4326,['C:\\Users\\cyber\\OneDrive\\Documents\\sentient\\data\\raw\\osm\\2024\\01\\osm_roads_bengaluru_20260211T122954.json'],Raw OSM road network from Overpass API.
2026-02-11T13:16:27+00:00,population,Bengaluru,2024-01-01,2024-12-31,77.45,12.8,77.75,13.1,,['C:\\Users\\cyber\\OneDrive\\Documents\\sentient\\data\\raw\\population\\2024\\01\\population_request_bengaluru_202401.json'],Stub population ingestion. Replace with real WorldPop/GHSL download.
2026-02-11T13:16:29+00:00,nightlights,Bengaluru,2024-01-01,2024-12-31,77.45,12.8,77.75,13.1,,['C:\\Users\\cyber\\OneDrive\\Documents\\sentient\\data\\raw\\nightlights\\2024\\01\\viirs_request_bengaluru_202401.json'],Stub VIIRS night-lights ingestion. Replace with real NASA/NOAA download.
2026-02-11T13:16:29+00:00,landsat,Bengaluru,2024-01-01,2024-12-31,77.45,12.8,77.75,13.1,,['C:\\Users\\cyber\\OneDrive\\Documents\\sentient\\data\\raw\\landsat\\2024\\01\\landsat_request_bengaluru_202401.json'],Stub Landsat ingestion. Replace with real USGS/ESA download.
2026-02-11T13:19:23+00:00,sentinel1,Bengaluru,2024-01-01,2024-12-31,77.45,12.8,77.75,13.1,,['C:\\Users\\cyber\\OneDrive\\Documents\\sentient\\data\\raw\\sentinel1\\2024\\01\\sentinel1_cdse_query_bengaluru_202401.json'],Sentinel-1 GRD catalogue metadata via Copernicus Data Space OData API.
2026-02-11T13:19:28+00:00,sentinel2,Bengaluru,2024-01-01,2024-12-31,77.45,12.8,77.75,13.1,,['C:\\Users\\cyber\\OneDrive\\Documents\\sentient\\data\\raw\\sentinel2\\2024\\01\\sentinel2_cdse_query_bengaluru_202401.json'],Sentinel-2 L2A catalogue metadata via Copernicus Data Space OData API.
2026-02-11T13:20:56+00:00,osm_roads,Bengaluru,2024-01-01,2024-12-31,77.45,12.8,77.75,13.1,EPSG:4326,['C:\\Users\\cyber\\OneDrive\\Documents\\sentient\\data\\raw\\osm\\2024\\01\\osm_roads_bengaluru_20260211T132006.json'],Raw OSM road network from Overpass API.
2026-02-11T13:34:19+00:00,era5,Bengaluru,2024-01-01,2024-12-31,77.45,12.8,77.75,13.1,EPSG:4326,"['C:\\Users\\cyber\\OneDrive\\Documents\\sentient\\data\\raw\\era5\\2024\\01\\era5_bengaluru_202401.nc', 'C:\\Users\\cyber\\OneDrive\\Documents\\sentient\\data\\raw\\era5\\2024\\02\\era5_bengaluru_202402.nc', 'C:\\Users\\cyber\\OneDrive\\Documents\\sentient\\data\\raw\\era5\\2024\\03\\era5_bengaluru_202403.nc', 'C:\\Users\\cyber\\OneDrive\\Documents\\sentient\\data\\raw\\era5\\2024\\04\\era5_bengaluru_202404.nc', 'C:\\Users\\cyber\\OneDrive\\Documents\\sentient\\data\\raw\\era5\\2024\\05\\era5_bengaluru_202405.nc', 'C:\\Users\\cyber\\OneDrive\\Documents\\sentient\\data\\raw\\era5\\2024\\06\\era5_bengaluru_202406.nc', 'C:\\Users\\cyber\\OneDrive\\Documents\\sentient\\data\\raw\\era5\\2024\\07\\era5_bengaluru_202407.nc', 'C:\\Users\\cyber\\OneDrive\\Documents\\sentient\\data\\raw\\era5\\2024\\08\\era5_bengaluru_202408.nc', 'C:\\Users\\cyber\\OneDrive\\Documents\\sentient\\data\\raw\\era5\\2024\\09\\era5_bengaluru_202409.nc', 'C:\\Users\\cyber\\OneDrive\\Documents\\sentient\\data\\raw\\era5\\2024\\10\\era5_bengaluru_202410.nc', 'C:\\Users\\cyber\\OneDrive\\Documents\\sentient\\data\\raw\\era5\\2024\\11\\era5_bengaluru_202411.nc', 'C:\\Users\\cyber\\OneDrive\\Documents\\sentient\\data\\raw\\era5\\2024\\12\\era5_bengaluru_202412.nc']",ERA5 monthly means via CDS API.
2026-02-23T13:21:00+00:00,nightlights,Bengaluru,2024-01-01,2024-12-31,77.45,12.8,77.75,13.1,EPSG:4326,"['C:\\Users\\cyber\\OneDrive\\Documents\\sentient\\data\\raw\\nightlights\\2024\\01\\viirs_monthly_bengaluru_202401.tif', 'C:\\Users\\cyber\\OneDrive\\Documents\\sentient\\data\\raw\\nightlights\\2024\\02\\viirs_monthly_bengaluru_202402.tif', 'C:\\Users\\cyber\\OneDrive\\Documents\\sentient\\data\\raw\\nightlights\\2024\\03\\viirs_monthly_bengaluru_202403.tif', 'C:\\Users\\cyber\\OneDrive\\Documents\\sentient\\data\\raw\\nightlights\\2024\\04\\viirs_monthly_bengaluru_202404.tif', 'C:\\Users\\cyber\\OneDrive\\Documents\\sentient\\data\\raw\\nightlights\\2024\\05\\viirs_monthly_bengaluru_202405.tif', 'C:\\Users\\cyber\\OneDrive\\Documents\\sentient\\data\\raw\\nightlights\\2024\\06\\viirs_monthly_bengaluru_202406.tif', 'C:\\Users\\cyber\\OneDrive\\Documents\\sentient\\data\\raw\\nightlights\\2024\\07\\viirs_monthly_bengaluru_202407.tif', 'C:\\Users\\cyber\\OneDrive\\Documents\\sentient\\data\\raw\\nightlights\\2024\\08\\viirs_monthly_bengaluru_202408.tif', 'C:\\Users\\cyber\\OneDrive\\Documents\\sentient\\data\\raw\\nightlights\\2024\\09\\viirs_monthly_bengaluru_202409.tif', 'C:\\Users\\cyber\\OneDrive\\Documents\\sentient\\data\\raw\\nightlights\\2024\\10\\viirs_monthly_bengaluru_202410.tif', 'C:\\Users\\cyber\\OneDrive\\Documents\\sentient\\data\\raw\\nightlights\\2024\\11\\viirs_monthly_bengaluru_202411.tif', 'C:\\Users\\cyber\\OneDrive\\Documents\\sentient\\data\\raw\\nightlights\\2024\\12\\viirs_monthly_bengaluru_202412.tif']",VIIRS monthly night-light composites from GEE.
2026-02-23T13:37:02+00:00,landsat,Bengaluru,2024-01-01,2024-12-31,77.45,12.8,77.75,13.1,EPSG:4326,"['C:\\Users\\cyber\\OneDrive\\Documents\\sentient\\data\\raw\\landsat\\2024\\01\\landsat_composite_bengaluru_202401.tif', 'C:\\Users\\cyber\\OneDrive\\Documents\\sentient\\data\\raw\\landsat\\2024\\02\\landsat_composite_bengaluru_202402.tif', 'C:\\Users\\cyber\\OneDrive\\Documents\\sentient\\data\\raw\\landsat\\2024\\03\\landsat_composite_bengaluru_202403.tif', 'C:\\Users\\cyber\\OneDrive\\Documents\\sentient\\data\\raw\\landsat\\2024\\04\\landsat_composite_bengaluru_202404.tif', 'C:\\Users\\cyber\\OneDrive\\Documents\\sentient\\data\\raw\\landsat\\2024\\05\\landsat_composite_bengaluru_202405.tif', 'C:\\Users\\cyber\\OneDrive\\Documents\\sentient\\data\\raw\\landsat\\2024\\06\\landsat_composite_bengaluru_202406.tif', 'C:\\Users\\cyber\\OneDrive\\Documents\\sentient\\data\\raw\\landsat\\2024\\07\\landsat_composite_bengaluru_202407.tif', 'C:\\Users\\cyber\\OneDrive\\Documents\\sentient\\data\\raw\\landsat\\2024\\08\\landsat_composite_bengaluru_202408.tif', 'C:\\Users\\cyber\\OneDrive\\Documents\\sentient\\data\\raw\\landsat\\2024\\09\\landsat_composite_bengaluru_202409.tif', 'C:\\Users\\cyber\\OneDrive\\Documents\\sentient\\data\\raw\\landsat\\2024\\10\\landsat_composite_bengaluru_202410.tif', 'C:\\Users\\cyber\\OneDrive\\Documents\\sentient\\data\\raw\\landsat\\2024\\11\\landsat_composite_bengaluru_202411.tif', 'C:\\Users\\cyber\\OneDrive\\Documents\\sentient\\data\\raw\\landsat\\2024\\12\\landsat_composite_bengaluru_202412.tif']",Landsat L2 monthly median composites from GEE (LC08+LC09).
2026-02-23T13:38:28+00:00,population,Bengaluru,2024-01-01,2024-12-31,77.45,12.8,77.75,13.1,EPSG:4326,['C:\\Users\\cyber\\OneDrive\\Documents\\sentient\\data\\raw\\population\\2024\\01\\worldpop_bengaluru_2024.tif'],WorldPop population raster from GEE for year 2024.
2026-02-23T13:47:34+00:00,population,Bengaluru,2020-01-01,2020-12-31,77.45,12.8,77.75,13.1,EPSG:4326,['C:\\Users\\cyber\\OneDrive\\Documents\\sentient\\data\\raw\\population\\2020\\01\\worldpop_bengaluru_2020.tif'],WorldPop population raster from GEE for year 2020.
2026-02-23T13:48:03+00:00,osm_roads,Bengaluru,2020-01-01,2020-12-31,77.45,12.8,77.75,13.1,EPSG:4326,['C:\\Users\\cyber\\OneDrive\\Documents\\sentient\\data\\raw\\osm\\2020\\01\\osm_roads_bengaluru_20260223T134720.json'],Raw OSM road network from Overpass API.
2026-02-23T13:51:17+00:00,era5,Bengaluru,2020-01-01,2020-12-31,77.45,12.8,77.75,13.1,EPSG:4326,"['C:\\Users\\cyber\\OneDrive\\Documents\\sentient\\data\\raw\\era5\\2020\\01\\era5_bengaluru_202001.nc', 'C:\\Users\\cyber\\OneDrive\\Documents\\sentient\\data\\raw\\era5\\2020\\02\\era5_bengaluru_202002.nc', 'C:\\Users\\cyber\\OneDrive\\Documents\\sentient\\data\\raw\\era5\\2020\\03\\era5_bengaluru_202003.nc', 'C:\\Users\\cyber\\OneDrive\\Documents\\sentient\\data\\raw\\era5\\2020\\04\\era5_bengaluru_202004.nc', 'C:\\Users\\cyber\\OneDrive\\Documents\\sentient\\data\\raw\\era5\\2020\\05\\era5_bengaluru_202005.nc', 'C:\\Users\\cyber\\OneDrive\\Documents\\sentient\\data\\raw\\era5\\2020\\06\\era5_bengaluru_202006.nc', 'C:\\Users\\cyber\\OneDrive\\Documents\\sentient\\data\\raw\\era5\\2020\\07\\era5_bengaluru_202007.nc', 'C:\\Users\\cyber\\OneDrive\\Documents\\sentient\\data\\raw\\era5\\2020\\08\\era5_bengaluru_202008.nc', 'C:\\Users\\cyber\\OneDrive\\Documents\\sentient\\data\\raw\\era5\\2020\\09\\era5_bengaluru_202009.nc', 'C:\\Users\\cyber\\OneDrive\\Documents\\sentient\\data\\raw\\era5\\2020\\10\\era5_bengaluru_202010.nc', 'C:\\Users\\cyber\\OneDrive\\Documents\\sentient\\data\\raw\\era5\\2020\\11\\era5_bengaluru_202011.nc', 'C:\\Users\\cyber\\OneDrive\\Documents\\sentient\\data\\raw\\era5\\2020\\12\\era5_bengaluru_202012.nc']",ERA5 monthly means via CDS API.
2026-02-23T13:52:31+00:00,nightlights,Bengaluru,2020-01-01,2020-12-31,77.45,12.8,77.75,13.1,EPSG:4326,"['C:\\Users\\cyber\\OneDrive\\Documents\\sentient\\data\\raw\\nightlights\\2020\\01\\viirs_monthly_bengaluru_202001.tif', 'C:\\Users\\cyber\\OneDrive\\Documents\\sentient\\data\\raw\\nightlights\\2020\\02\\viirs_monthly_bengaluru_202002.tif', 'C:\\Users\\cyber\\OneDrive\\Documents\\sentient\\data\\raw\\nightlights\\2020\\03\\viirs_monthly_bengaluru_202003.tif', 'C:\\Users\\cyber\\OneDrive\\Documents\\sentient\\data\\raw\\nightlights\\2020\\04\\viirs_monthly_bengaluru_202004.tif', 'C:\\Users\\cyber\\OneDrive\\Documents\\sentient\\data\\raw\\nightlights\\2020\\05\\viirs_monthly_bengaluru_202005.tif', 'C:\\Users\\cyber\\OneDrive\\Documents\\sentient\\data\\raw\\nightlights\\2020\\06\\viirs_monthly_bengaluru_202006.tif', 'C:\\Users\\cyber\\OneDrive\\Documents\\sentient\\data\\raw\\nightlights\\2020\\07\\viirs_monthly_bengaluru_202007.tif', 'C:\\Users\\cyber\\OneDrive\\Documents\\sentient\\data\\raw\\nightlights\\2020\\08\\viirs_monthly_bengaluru_202008.tif', 'C:\\Users\\cyber\\OneDrive\\Documents\\sentient\\data\\raw\\nightlights\\2020\\09\\viirs_monthly_bengaluru_202009.tif', 'C:\\Users\\cyber\\OneDrive\\Documents\\sentient\\data\\raw\\nightlights\\2020\\10\\viirs_monthly_bengaluru_202010.tif', 'C:\\Users\\cyber\\OneDrive\\Documents\\sentient\\data\\raw\\nightlights\\2020\\11\\viirs_monthly_bengaluru_202011.tif', 'C:\\Users\\cyber\\OneDrive\\Documents\\sentient\\data\\raw\\nightlights\\2020\\12\\viirs_monthly_bengaluru_202012.tif']",VIIRS monthly night-light composites from GEE.
2026-02-23T14:06:22+00:00,landsat,Bengaluru,2020-01-01,2020-12-31,77.45,12.8,77.75,13.1,EPSG:4326,"['C:\\Users\\cyber\\OneDrive\\Documents\\sentient\\data\\raw\\landsat\\2020\\01\\landsat_composite_bengaluru_202001.tif', 'C:\\Users\\cyber\\OneDrive\\Documents\\sentient\\data\\raw\\landsat\\2020\\02\\landsat_composite_bengaluru_202002.tif', 'C:\\Users\\cyber\\OneDrive\\Documents\\sentient\\data\\raw\\landsat\\2020\\03\\landsat_composite_bengaluru_202003.tif', 'C:\\Users\\cyber\\OneDrive\\Documents\\sentient\\data\\raw\\landsat\\2020\\04\\landsat_composite_bengaluru_202004.tif', 'C:\\Users\\cyber\\OneDrive\\Documents\\sentient\\data\\raw\\landsat\\2020\\05\\landsat_composite_bengaluru_202005.tif', 'C:\\Users\\cyber\\OneDrive\\Documents\\sentient\\data\\raw\\landsat\\2020\\06\\landsat_composite_bengaluru_202006.tif', 'C:\\Users\\cyber\\OneDrive\\Documents\\sentient\\data\\raw\\landsat\\2020\\07\\landsat_composite_bengaluru_202007.tif', 'C:\\Users\\cyber\\OneDrive\\Documents\\sentient\\data\\raw\\landsat\\2020\\08\\landsat_composite_bengaluru_202008.tif', 'C:\\Users\\cyber\\OneDrive\\Documents\\sentient\\data\\raw\\landsat\\2020\\09\\landsat_composite_bengaluru_202009.tif', 'C:\\Users\\cyber\\OneDrive\\Documents\\sentient\\data\\raw\\landsat\\2020\\10\\landsat_composite_bengaluru_202010.tif', 'C:\\Users\\cyber\\OneDrive\\Documents\\sentient\\data\\raw\\landsat\\2020\\11\\landsat_composite_bengaluru_202011.tif', 'C:\\Users\\cyber\\OneDrive\\Documents\\sentient\\data\\raw\\landsat\\2020\\12\\landsat_composite_bengaluru_202012.tif']",Landsat L2 monthly median composites from GEE (LC08+LC09).
2026-02-23T14:08:47+00:00,sentinel1,Bengaluru,2020-01-01,2020-12-31,77.45,12.8,77.75,13.1,EPSG:4326,"['C:\\Users\\cyber\\OneDrive\\Documents\\sentient\\data\\raw\\sentinel1\\2020\\01\\sentinel1_compact_bengaluru_202001.tif', 'C:\\Users\\cyber\\OneDrive\\Documents\\sentient\\data\\raw\\sentinel1\\2020\\02\\sentinel1_compact_bengaluru_202002.tif', 'C:\\Users\\cyber\\OneDrive\\Documents\\sentient\\data\\raw\\sentinel1\\2020\\03\\sentinel1_compact_bengaluru_202003.tif', 'C:\\Users\\cyber\\OneDrive\\Documents\\sentient\\data\\raw\\sentinel1\\2020\\04\\sentinel1_compact_bengaluru_202004.tif', 'C:\\Users\\cyber\\OneDrive\\Documents\\sentient\\data\\raw\\sentinel1\\2020\\05\\sentinel1_compact_bengaluru_202005.tif', 'C:\\Users\\cyber\\OneDrive\\Documents\\sentient\\data\\raw\\sentinel1\\2020\\06\\sentinel1_compact_bengaluru_202006.tif', 'C:\\Users\\cyber\\OneDrive\\Documents\\sentient\\data\\raw\\sentinel1\\2020\\07\\sentinel1_compact_bengaluru_202007.tif', 'C:\\Users\\cyber\\OneDrive\\Documents\\sentient\\data\\raw\\sentinel1\\2020\\08\\sentinel1_compact_bengaluru_202008.tif', 'C:\\Users\\cyber\\OneDrive\\Documents\\sentient\\data\\raw\\sentinel1\\2020\\09\\sentinel1_compact_bengaluru_202009.tif', 'C:\\Users\\cyber\\OneDrive\\Documents\\sentient\\data\\raw\\sentinel1\\2020\\10\\sentinel1_compact_bengaluru_202010.tif', 'C:\\Users\\cyber\\OneDrive\\Documents\\sentient\\data\\raw\\sentinel1\\2020\\11\\sentinel1_compact_bengaluru_202011.tif', 'C:\\Users\\cyber\\OneDrive\\Documents\\sentient\\data\\raw\\sentinel1\\2020\\12\\sentinel1_compact_bengaluru_202012.tif']",Compact Sentinel-1 VV monthly median composites from GEE (scale=30m).
2026-02-23T14:10:52+00:00,sentinel2,Bengaluru,2020-01-01,2020-12-31,77.45,12.8,77.75,13.1,EPSG:4326,"['C:\\Users\\cyber\\OneDrive\\Documents\\sentient\\data\\raw\\sentinel2\\2020\\01\\sentinel2_compact_bengaluru_202001.tif', 'C:\\Users\\cyber\\OneDrive\\Documents\\sentient\\data\\raw\\sentinel2\\2020\\02\\sentinel2_compact_bengaluru_202002.tif', 'C:\\Users\\cyber\\OneDrive\\Documents\\sentient\\data\\raw\\sentinel2\\2020\\03\\sentinel2_compact_bengaluru_202003.tif', 'C:\\Users\\cyber\\OneDrive\\Documents\\sentient\\data\\raw\\sentinel2\\2020\\04\\sentinel2_compact_bengaluru_202004.tif', 'C:\\Users\\cyber\\OneDrive\\Documents\\sentient\\data\\raw\\sentinel2\\2020\\05\\sentinel2_compact_bengaluru_202005.tif', 'C:\\Users\\cyber\\OneDrive\\Documents\\sentient\\data\\raw\\sentinel2\\2020\\06\\sentinel2_compact_bengaluru_202006.tif', 'C:\\Users\\cyber\\OneDrive\\Documents\\sentient\\data\\raw\\sentinel2\\2020\\07\\sentinel2_compact_bengaluru_202007.tif', 'C:\\Users\\cyber\\OneDrive\\Documents\\sentient\\data\\raw\\sentinel2\\2020\\08\\sentinel2_compact_bengaluru_202008.tif', 'C:\\Users\\cyber\\OneDrive\\Documents\\sentient\\data\\raw\\sentinel2\\2020\\09\\sentinel2_compact_bengaluru_202009.tif', 'C:\\Users\\cyber\\OneDrive\\Documents\\sentient\\data\\raw\\sentinel2\\2020\\10\\sentinel2_compact_bengaluru_202010.tif', 'C:\\Users\\cyber\\OneDrive\\Documents\\sentient\\data\\raw\\sentinel2\\2020\\11\\sentinel2_compact_bengaluru_202011.tif', 'C:\\Users\\cyber\\OneDrive\\Documents\\sentient\\data\\raw\\sentinel2\\2020\\12\\sentinel2_compact_bengaluru_202012.tif']","Compact Sentinel-2 monthly median composites from GEE (max_cloud=40, scale=60m)."
2026-02-23T14:51:01+00:00,sentinel1,Bengaluru,2024-01-01,2024-12-31,77.45,12.8,77.75,13.1,EPSG:4326,"['C:\\Users\\cyber\\OneDrive\\Documents\\sentient\\data\\raw\\sentinel1\\2024\\01\\sentinel1_compact_bengaluru_202401.tif', 'C:\\Users\\cyber\\OneDrive\\Documents\\sentient\\data\\raw\\sentinel1\\2024\\02\\sentinel1_compact_bengaluru_202402.tif', 'C:\\Users\\cyber\\OneDrive\\Documents\\sentient\\data\\raw\\sentinel1\\2024\\03\\sentinel1_compact_bengaluru_202403.tif', 'C:\\Users\\cyber\\OneDrive\\Documents\\sentient\\data\\raw\\sentinel1\\2024\\04\\sentinel1_compact_bengaluru_202404.tif', 'C:\\Users\\cyber\\OneDrive\\Documents\\sentient\\data\\raw\\sentinel1\\2024\\05\\sentinel1_compact_bengaluru_202405.tif', 'C:\\Users\\cyber\\OneDrive\\Documents\\sentient\\data\\raw\\sentinel1\\2024\\06\\sentinel1_compact_bengaluru_202406.tif', 'C:\\Users\\cyber\\OneDrive\\Documents\\sentient\\data\\raw\\sentinel1\\2024\\07\\sentinel1_compact_bengaluru_202407.tif', 'C:\\Users\\cyber\\OneDrive\\Documents\\sentient\\data\\raw\\sentinel1\\2024\\08\\sentinel1_compact_bengaluru_202408.tif', 'C:\\Users\\cyber\\OneDrive\\Documents\\sentient\\data\\raw\\sentinel1\\2024\\09\\sentinel1_compact_bengaluru_202409.tif', 'C:\\Users\\cyber\\OneDrive\\Documents\\sentient\\data\\raw\\sentinel1\\2024\\10\\sentinel1_compact_bengaluru_202410.tif', 'C:\\Users\\cyber\\OneDrive\\Documents\\sentient\\data\\raw\\sentinel1\\2024\\11\\sentinel1_compact_bengaluru_202411.tif', 'C:\\Users\\cyber\\OneDrive\\Documents\\sentient\\data\\raw\\sentinel1\\2024\\12\\sentinel1_compact_bengaluru_202412.tif']",Compact Sentinel-1 VV monthly median composites from GEE (scale=30m).
2026-02-23T14:53:07+00:00,sentinel2,Bengaluru,2024-01-01,2024-12-31,77.45,12.8,77.75,13.1,EPSG:4326,"['C:\\Users\\cyber\\OneDrive\\Documents\\sentient\\data\\raw\\sentinel2\\2024\\01\\sentinel2_compact_bengaluru_202401.tif', 'C:\\Users\\cyber\\OneDrive\\Documents\\sentient\\data\\raw\\sentinel2\\2024\\02\\sentinel2_compact_bengaluru_202402.tif', 'C:\\Users\\cyber\\OneDrive\\Documents\\sentient\\data\\raw\\sentinel2\\2024\\03\\sentinel2_compact_bengaluru_202403.tif', 'C:\\Users\\cyber\\OneDrive\\Documents\\sentient\\data\\raw\\sentinel2\\2024\\04\\sentinel2_compact_bengaluru_202404.tif', 'C:\\Users\\cyber\\OneDrive\\Documents\\sentient\\data\\raw\\sentinel2\\2024\\05\\sentinel2_compact_bengaluru_202405.tif', 'C:\\Users\\cyber\\OneDrive\\Documents\\sentient\\data\\raw\\sentinel2\\2024\\06\\sentinel2_compact_bengaluru_202406.tif', 'C:\\Users\\cyber\\OneDrive\\Documents\\sentient\\data\\raw\\sentinel2\\2024\\07\\sentinel2_compact_bengaluru_202407.tif', 'C:\\Users\\cyber\\OneDrive\\Documents\\sentient\\data\\raw\\sentinel2\\2024\\08\\sentinel2_compact_bengaluru_202408.tif', 'C:\\Users\\cyber\\OneDrive\\Documents\\sentient\\data\\raw\\sentinel2\\2024\\09\\sentinel2_compact_bengaluru_202409.tif', 'C:\\Users\\cyber\\OneDrive\\Documents\\sentient\\data\\raw\\sentinel2\\2024\\10\\sentinel2_compact_bengaluru_202410.tif', 'C:\\Users\\cyber\\OneDrive\\Documents\\sentient\\data\\raw\\sentinel2\\2024\\11\\sentinel2_compact_bengaluru_202411.tif', 'C:\\Users\\cyber\\OneDrive\\Documents\\sentient\\data\\raw\\sentinel2\\2024\\12\\sentinel2_compact_bengaluru_202412.tif']","Compact Sentinel-2 monthly median composites from GEE (max_cloud=40, scale=60m)."
2026-02-23T16:30:32+00:00,era5,Bengaluru,2021-01-01,2021-12-31,77.45,12.8,77.75,13.1,EPSG:4326,"['C:\\Users\\cyber\\OneDrive\\Documents\\sentient\\data\\raw\\era5\\2021\\01\\era5_bengaluru_202101.nc', 'C:\\Users\\cyber\\OneDrive\\Documents\\sentient\\data\\raw\\era5\\2021\\02\\era5_bengaluru_202102.nc', 'C:\\Users\\cyber\\OneDrive\\Documents\\sentient\\data\\raw\\era5\\2021\\03\\era5_bengaluru_202103.nc', 'C:\\Users\\cyber\\OneDrive\\Documents\\sentient\\data\\raw\\era5\\2021\\04\\era5_bengaluru_202104.nc', 'C:\\Users\\cyber\\OneDrive\\Documents\\sentient\\data\\raw\\era5\\2021\\05\\era5_bengaluru_202105.nc', 'C:\\Users\\cyber\\OneDrive\\Documents\\sentient\\data\\raw\\era5\\2021\\06\\era5_bengaluru_202106.nc', 'C:\\Users\\cyber\\OneDrive\\Documents\\sentient\\data\\raw\\era5\\2021\\07\\era5_bengaluru_202107.nc', 'C:\\Users\\cyber\\OneDrive\\Documents\\sentient\\data\\raw\\era5\\2021\\08\\era5_bengaluru_202108.nc', 'C:\\Users\\cyber\\OneDrive\\Documents\\sentient\\data\\raw\\era5\\2021\\09\\era5_bengaluru_202109.nc', 'C:\\Users\\cyber\\OneDrive\\Documents\\sentient\\data\\raw\\era5\\2021\\10\\era5_bengaluru_202110.nc', 'C:\\Users\\cyber\\OneDrive\\Documents\\sentient\\data\\raw\\era5\\2021\\11\\era5_bengaluru_202111.nc', 'C:\\Users\\cyber\\OneDrive\\Documents\\sentient\\data\\raw\\era5\\2021\\12\\era5_bengaluru_202112.nc']",ERA5 monthly means via CDS API.
2026-02-23T16:44:08+00:00,nightlights,Bengaluru,2021-01-01,2021-12-31,77.45,12.8,77.75,13.1,EPSG:4326,"['C:\\Users\\cyber\\OneDrive\\Documents\\sentient\\data\\raw\\nightlights\\2021\\01\\viirs_monthly_bengaluru_202101.tif', 'C:\\Users\\cyber\\OneDrive\\Documents\\sentient\\data\\raw\\nightlights\\2021\\02\\viirs_monthly_bengaluru_202102.tif', 'C:\\Users\\cyber\\OneDrive\\Documents\\sentient\\data\\raw\\nightlights\\2021\\03\\viirs_monthly_bengaluru_202103.tif', 'C:\\Users\\cyber\\OneDrive\\Documents\\sentient\\data\\raw\\nightlights\\2021\\04\\viirs_monthly_bengaluru_202104.tif', 'C:\\Users\\cyber\\OneDrive\\Documents\\sentient\\data\\raw\\nightlights\\2021\\05\\viirs_monthly_bengaluru_202105.tif', 'C:\\Users\\cyber\\OneDrive\\Documents\\sentient\\data\\raw\\nightlights\\2021\\06\\viirs_monthly_bengaluru_202106.tif', 'C:\\Users\\cyber\\OneDrive\\Documents\\sentient\\data\\raw\\nightlights\\2021\\07\\viirs_monthly_bengaluru_202107.tif', 'C:\\Users\\cyber\\OneDrive\\Documents\\sentient\\data\\raw\\nightlights\\2021\\08\\viirs_monthly_bengaluru_202108.tif', 'C:\\Users\\cyber\\OneDrive\\Documents\\sentient\\data\\raw\\nightlights\\2021\\09\\viirs_monthly_bengaluru_202109.tif', 'C:\\Users\\cyber\\OneDrive\\Documents\\sentient\\data\\raw\\nightlights\\2021\\10\\viirs_monthly_bengaluru_202110.tif', 'C:\\Users\\cyber\\OneDrive\\Documents\\sentient\\data\\raw\\nightlights\\2021\\11\\viirs_monthly_bengaluru_202111.tif', 'C:\\Users\\cyber\\OneDrive\\Documents\\sentient\\data\\raw\\nightlights\\2021\\12\\viirs_monthly_bengaluru_202112.tif']",VIIRS monthly night-light composites from GEE.
2026-02-23T16:44:23+00:00,population,Bengaluru,2021-01-01,2021-12-31,77.45,12.8,77.75,13.1,EPSG:4326,['C:\\Users\\cyber\\OneDrive\\Documents\\sentient\\data\\raw\\population\\2021\\01\\worldpop_bengaluru_2021.tif'],WorldPop population raster from GEE for year 2021.
2026-02-23T16:49:35+00:00,era5,Bengaluru,2022-01-01,2022-12-31,77.45,12.8,77.75,13.1,EPSG:4326,"['C:\\Users\\cyber\\OneDrive\\Documents\\sentient\\data\\raw\\era5\\2022\\01\\era5_bengaluru_202201.nc', 'C:\\Users\\cyber\\OneDrive\\Documents\\sentient\\data\\raw\\era5\\2022\\02\\era5_bengaluru_202202.nc', 'C:\\Users\\cyber\\OneDrive\\Documents\\sentient\\data\\raw\\era5\\2022\\03\\era5_bengaluru_202203.nc', 'C:\\Users\\cyber\\OneDrive\\Documents\\sentient\\data\\raw\\era5\\2022\\04\\era5_bengaluru_202204.nc', 'C:\\Users\\cyber\\OneDrive\\Documents\\sentient\\data\\raw\\era5\\2022\\05\\era5_bengaluru_202205.nc', 'C:\\Users\\cyber\\OneDrive\\Documents\\sentient\\data\\raw\\era5\\2022\\06\\era5_bengaluru_202206.nc', 'C:\\Users\\cyber\\OneDrive\\Documents\\sentient\\data\\raw\\era5\\2022\\07\\era5_bengaluru_202207.nc', 'C:\\Users\\cyber\\OneDrive\\Documents\\sentient\\data\\raw\\era5\\2022\\08\\era5_bengaluru_202208.nc', 'C:\\Users\\cyber\\OneDrive\\Documents\\sentient\\data\\raw\\era5\\2022\\09\\era5_bengaluru_202209.nc', 'C:\\Users\\cyber\\OneDrive\\Documents\\sentient\\data\\raw\\era5\\2022\\10\\era5_bengaluru_202210.nc', 'C:\\Users\\cyber\\OneDrive\\Documents\\sentient\\data\\raw\\era5\\2022\\11\\era5_bengaluru_202211.nc', 'C:\\Users\\cyber\\OneDrive\\Documents\\sentient\\data\\raw\\era5\\2022\\12\\era5_bengaluru_202212.nc']",ERA5 monthly means via CDS API.
2026-02-23T17:04:28+00:00,landsat,Bengaluru,2022-01-01,2022-12-31,77.45,12.8,77.75,13.1,EPSG:4326,"['C:\\Users\\cyber\\OneDrive\\Documents\\sentient\\data\\raw\\landsat\\2022\\01\\landsat_composite_bengaluru_202201.tif', 'C:\\Users\\cyber\\OneDrive\\Documents\\sentient\\data\\raw\\landsat\\2022\\02\\landsat_composite_bengaluru_202202.tif', 'C:\\Users\\cyber\\OneDrive\\Documents\\sentient\\data\\raw\\landsat\\2022\\03\\landsat_composite_bengaluru_202203.tif', 'C:\\Users\\cyber\\OneDrive\\Documents\\sentient\\data\\raw\\landsat\\2022\\04\\landsat_composite_bengaluru_202204.tif', 'C:\\Users\\cyber\\OneDrive\\Documents\\sentient\\data\\raw\\landsat\\2022\\05\\landsat_composite_bengaluru_202205.tif', 'C:\\Users\\cyber\\OneDrive\\Documents\\sentient\\data\\raw\\landsat\\2022\\06\\landsat_composite_bengaluru_202206.tif', 'C:\\Users\\cyber\\OneDrive\\Documents\\sentient\\data\\raw\\landsat\\2022\\07\\landsat_composite_bengaluru_202207.tif', 'C:\\Users\\cyber\\OneDrive\\Documents\\sentient\\data\\raw\\landsat\\2022\\08\\landsat_composite_bengaluru_202208.tif', 'C:\\Users\\cyber\\OneDrive\\Documents\\sentient\\data\\raw\\landsat\\2022\\09\\landsat_composite_bengaluru_202209.tif', 'C:\\Users\\cyber\\OneDrive\\Documents\\sentient\\data\\raw\\landsat\\2022\\10\\landsat_composite_bengaluru_202210.tif', 'C:\\Users\\cyber\\OneDrive\\Documents\\sentient\\data\\raw\\landsat\\2022\\11\\landsat_composite_bengaluru_202211.tif', 'C:\\Users\\cyber\\OneDrive\\Documents\\sentient\\data\\raw\\landsat\\2022\\12\\landsat_composite_bengaluru_202212.tif']",Landsat L2 monthly median composites from GEE (LC08+LC09).
2026-02-23T17:05:17+00:00,nightlights,Bengaluru,2022-01-01,2022-12-31,77.45,12.8,77.75,13.1,EPSG:4326,"['C:\\Users\\cyber\\OneDrive\\Documents\\sentient\\data\\raw\\nightlights\\2022\\01\\viirs_monthly_bengaluru_202201.tif', 'C:\\Users\\cyber\\OneDrive\\Documents\\sentient\\data\\raw\\nightlights\\2022\\02\\viirs_monthly_bengaluru_202202.tif', 'C:\\Users\\cyber\\OneDrive\\Documents\\sentient\\data\\raw\\nightlights\\2022\\03\\viirs_monthly_bengaluru_202203.tif', 'C:\\Users\\cyber\\OneDrive\\Documents\\sentient\\data\\raw\\nightlights\\2022\\04\\viirs_monthly_bengaluru_202204.tif', 'C:\\Users\\cyber\\OneDrive\\Documents\\sentient\\data\\raw\\nightlights\\2022\\05\\viirs_monthly_bengaluru_202205.tif', 'C:\\Users\\cyber\\OneDrive\\Documents\\sentient\\data\\raw\\nightlights\\2022\\06\\viirs_monthly_bengaluru_202206.tif', 'C:\\Users\\cyber\\OneDrive\\Documents\\sentient\\data\\raw\\nightlights\\2022\\07\\viirs_monthly_bengaluru_202207.tif', 'C:\\Users\\cyber\\OneDrive\\Documents\\sentient\\data\\raw\\nightlights\\2022\\08\\viirs_monthly_bengaluru_202208.tif', 'C:\\Users\\cyber\\OneDrive\\Documents\\sentient\\data\\raw\\nightlights\\2022\\09\\viirs_monthly_bengaluru_202209.tif', 'C:\\Users\\cyber\\OneDrive\\Documents\\sentient\\data\\raw\\nightlights\\2022\\10\\viirs_monthly_bengaluru_202210.tif', 'C:\\Users\\cyber\\OneDrive\\Documents\\sentient\\data\\raw\\nightlights\\2022\\11\\viirs_monthly_bengaluru_202211.tif', 'C:\\Users\\cyber\\OneDrive\\Documents\\sentient\\data\\raw\\nightlights\\2022\\12\\viirs_monthly_bengaluru_202212.tif']",VIIRS monthly night-light composites from GEE.
2026-02-23T17:05:33+00:00,population,Bengaluru,2022-01-01,2022-12-31,77.45,12.8,77.75,13.1,EPSG:4326,['C:\\Users\\cyber\\OneDrive\\Documents\\sentient\\data\\raw\\population\\2022\\01\\worldpop_bengaluru_2022.tif'],WorldPop population raster from GEE for year 2022.
2026-02-25T09:54:30+00:00,era5,Bengaluru,2023-01-01,2023-12-31,77.45,12.8,77.75,13.1,EPSG:4326,"['C:\\Users\\cyber\\OneDrive\\Documents\\sentient\\data\\raw\\era5\\2023\\01\\era5_bengaluru_202301.nc', 'C:\\Users\\cyber\\OneDrive\\Documents\\sentient\\data\\raw\\era5\\2023\\02\\era5_bengaluru_202302.nc', 'C:\\Users\\cyber\\OneDrive\\Documents\\sentient\\data\\raw\\era5\\2023\\03\\era5_bengaluru_202303.nc', 'C:\\Users\\cyber\\OneDrive\\Documents\\sentient\\data\\raw\\era5\\2023\\04\\era5_bengaluru_202304.nc', 'C:\\Users\\cyber\\OneDrive\\Documents\\sentient\\data\\raw\\era5\\2023\\05\\era5_bengaluru_202305.nc', 'C:\\Users\\cyber\\OneDrive\\Documents\\sentient\\data\\raw\\era5\\2023\\06\\era5_bengaluru_202306.nc', 'C:\\Users\\cyber\\OneDrive\\Documents\\sentient\\data\\raw\\era5\\2023\\07\\era5_bengaluru_202307.nc', 'C:\\Users\\cyber\\OneDrive\\Documents\\sentient\\data\\raw\\era5\\2023\\08\\era5_bengaluru_202308.nc', 'C:\\Users\\cyber\\OneDrive\\Documents\\sentient\\data\\raw\\era5\\2023\\09\\era5_bengaluru_202309.nc', 'C:\\Users\\cyber\\OneDrive\\Documents\\sentient\\data\\raw\\era5\\2023\\10\\era5_bengaluru_202310.nc', 'C:\\Users\\cyber\\OneDrive\\Documents\\sentient\\data\\raw\\era5\\2023\\11\\era5_bengaluru_202311.nc', 'C:\\Users\\cyber\\OneDrive\\Documents\\sentient\\data\\raw\\era5\\2023\\12\\era5_bengaluru_202312.nc']",ERA5 monthly means via CDS API.
2026-02-25T10:20:24+00:00,landsat,Bengaluru,2023-01-01,2023-12-31,77.45,12.8,77.75,13.1,EPSG:4326,"['C:\\Users\\cyber\\OneDrive\\Documents\\sentient\\data\\raw\\landsat\\2023\\01\\landsat_composite_bengaluru_202301.tif', 'C:\\Users\\cyber\\OneDrive\\Documents\\sentient\\data\\raw\\landsat\\2023\\02\\landsat_composite_bengaluru_202302.tif', 'C:\\Users\\cyber\\OneDrive\\Documents\\sentient\\data\\raw\\landsat\\2023\\03\\landsat_composite_bengaluru_202303.tif', 'C:\\Users\\cyber\\OneDrive\\Documents\\sentient\\data\\raw\\landsat\\2023\\04\\landsat_composite_bengaluru_202304.tif', 'C:\\Users\\cyber\\OneDrive\\Documents\\sentient\\data\\raw\\landsat\\2023\\05\\landsat_composite_bengaluru_202305.tif', 'C:\\Users\\cyber\\OneDrive\\Documents\\sentient\\data\\raw\\landsat\\2023\\06\\landsat_composite_bengaluru_202306.tif', 'C:\\Users\\cyber\\OneDrive\\Documents\\sentient\\data\\raw\\landsat\\2023\\07\\landsat_composite_bengaluru_202307.tif', 'C:\\Users\\cyber\\OneDrive\\Documents\\sentient\\data\\raw\\landsat\\2023\\08\\landsat_composite_bengaluru_202308.tif', 'C:\\Users\\cyber\\OneDrive\\Documents\\sentient\\data\\raw\\landsat\\2023\\09\\landsat_composite_bengaluru_202309.tif', 'C:\\Users\\cyber\\OneDrive\\Documents\\sentient\\data\\raw\\landsat\\2023\\10\\landsat_composite_bengaluru_202310.tif', 'C:\\Users\\cyber\\OneDrive\\Documents\\sentient\\data\\raw\\landsat\\2023\\11\\landsat_composite_bengaluru_202311.tif', 'C:\\Users\\cyber\\OneDrive\\Documents\\sentient\\data\\raw\\landsat\\2023\\12\\landsat_composite_bengaluru_202312.tif']",Landsat L2 monthly median composites from GEE (LC08+LC09).
2026-02-25T10:20:58+00:00,nightlights,Bengaluru,2023-01-01,2023-12-31,77.45,12.8,77.75,13.1,EPSG:4326,"['C:\\Users\\cyber\\OneDrive\\Documents\\sentient\\data\\raw\\nightlights\\2023\\01\\viirs_monthly_bengaluru_202301.tif', 'C:\\Users\\cyber\\OneDrive\\Documents\\sentient\\data\\raw\\nightlights\\2023\\02\\viirs_monthly_bengaluru_202302.tif', 'C:\\Users\\cyber\\OneDrive\\Documents\\sentient\\data\\raw\\nightlights\\2023\\03\\viirs_monthly_bengaluru_202303.tif', 'C:\\Users\\cyber\\OneDrive\\Documents\\sentient\\data\\raw\\nightlights\\2023\\04\\viirs_monthly_bengaluru_202304.tif', 'C:\\Users\\cyber\\OneDrive\\Documents\\sentient\\data\\raw\\nightlights\\2023\\05\\viirs_monthly_bengaluru_202305.tif', 'C:\\Users\\cyber\\OneDrive\\Documents\\sentient\\data\\raw\\nightlights\\2023\\06\\viirs_monthly_bengaluru_202306.tif', 'C:\\Users\\cyber\\OneDrive\\Documents\\sentient\\data\\raw\\nightlights\\2023\\07\\viirs_monthly_bengaluru_202307.tif', 'C:\\Users\\cyber\\OneDrive\\Documents\\sentient\\data\\raw\\nightlights\\2023\\08\\viirs_monthly_bengaluru_202308.tif', 'C:\\Users\\cyber\\OneDrive\\Documents\\sentient\\data\\raw\\nightlights\\2023\\09\\viirs_monthly_bengaluru_202309.tif', 'C:\\Users\\cyber\\OneDrive\\Documents\\sentient\\data\\raw\\nightlights\\2023\\10\\viirs_monthly_bengaluru_202310.tif', 'C:\\Users\\cyber\\OneDrive\\Documents\\sentient\\data\\raw\\nightlights\\2023\\11\\viirs_monthly_bengaluru_202311.tif', 'C:\\Users\\cyber\\OneDrive\\Documents\\sentient\\data\\raw\\nightlights\\2023\\12\\viirs_monthly_bengaluru_202312.tif']",VIIRS monthly night-light composites from GEE.
2026-02-25T10:21:10+00:00,population,Bengaluru,2023-01-01,2023-12-31,77.45,12.8,77.75,13.1,EPSG:4326,['C:\\Users\\cyber\\OneDrive\\Documents\\sentient\\data\\raw\\population\\2023\\01\\worldpop_bengaluru_2023.tif'],WorldPop population raster from GEE for year 2023.
2026-02-25T10:34:54+00:00,landsat,Bengaluru,2023-01-01,2023-12-31,77.45,12.8,77.75,13.1,EPSG:4326,"['C:\\Users\\cyber\\OneDrive\\Documents\\sentient\\data\\raw\\landsat\\2023\\01\\landsat_composite_bengaluru_202301.tif', 'C:\\Users\\cyber\\OneDrive\\Documents\\sentient\\data\\raw\\landsat\\2023\\02\\landsat_composite_bengaluru_202302.tif', 'C:\\Users\\cyber\\OneDrive\\Documents\\sentient\\data\\raw\\landsat\\2023\\03\\landsat_composite_bengaluru_202303.tif', 'C:\\Users\\cyber\\OneDrive\\Documents\\sentient\\data\\raw\\landsat\\2023\\04\\landsat_composite_bengaluru_202304.tif', 'C:\\Users\\cyber\\OneDrive\\Documents\\sentient\\data\\raw\\landsat\\2023\\05\\landsat_composite_bengaluru_202305.tif', 'C:\\Users\\cyber\\OneDrive\\Documents\\sentient\\data\\raw\\landsat\\2023\\06\\landsat_composite_bengaluru_202306.tif', 'C:\\Users\\cyber\\OneDrive\\Documents\\sentient\\data\\raw\\landsat\\2023\\07\\landsat_composite_bengaluru_202307.tif', 'C:\\Users\\cyber\\OneDrive\\Documents\\sentient\\data\\raw\\landsat\\2023\\08\\landsat_composite_bengaluru_202308.tif', 'C:\\Users\\cyber\\OneDrive\\Documents\\sentient\\data\\raw\\landsat\\2023\\09\\landsat_composite_bengaluru_202309.tif', 'C:\\Users\\cyber\\OneDrive\\Documents\\sentient\\data\\raw\\landsat\\2023\\10\\landsat_composite_bengaluru_202310.tif', 'C:\\Users\\cyber\\OneDrive\\Documents\\sentient\\data\\raw\\landsat\\2023\\11\\landsat_composite_bengaluru_202311.tif', 'C:\\Users\\cyber\\OneDrive\\Documents\\sentient\\data\\raw\\landsat\\2023\\12\\landsat_composite_bengaluru_202312.tif']",Landsat L2 monthly median composites from GEE (LC08+LC09).
2026-02-25T10:35:31+00:00,nightlights,Bengaluru,2023-01-01,2023-12-31,77.45,12.8,77.75,13.1,EPSG:4326,"['C:\\Users\\cyber\\OneDrive\\Documents\\sentient\\data\\raw\\nightlights\\2023\\01\\viirs_monthly_bengaluru_202301.tif', 'C:\\Users\\cyber\\OneDrive\\Documents\\sentient\\data\\raw\\nightlights\\2023\\02\\viirs_monthly_bengaluru_202302.tif', 'C:\\Users\\cyber\\OneDrive\\Documents\\sentient\\data\\raw\\nightlights\\2023\\03\\viirs_monthly_bengaluru_202303.tif', 'C:\\Users\\cyber\\OneDrive\\Documents\\sentient\\data\\raw\\nightlights\\2023\\04\\viirs_monthly_bengaluru_202304.tif', 'C:\\Users\\cyber\\OneDrive\\Documents\\sentient\\data\\raw\\nightlights\\2023\\05\\viirs_monthly_bengaluru_202305.tif', 'C:\\Users\\cyber\\OneDrive\\Documents\\sentient\\data\\raw\\nightlights\\2023\\06\\viirs_monthly_bengaluru_202306.tif', 'C:\\Users\\cyber\\OneDrive\\Documents\\sentient\\data\\raw\\nightlights\\2023\\07\\viirs_monthly_bengaluru_202307.tif', 'C:\\Users\\cyber\\OneDrive\\Documents\\sentient\\data\\raw\\nightlights\\2023\\08\\viirs_monthly_bengaluru_202308.tif', 'C:\\Users\\cyber\\OneDrive\\Documents\\sentient\\data\\raw\\nightlights\\2023\\09\\viirs_monthly_bengaluru_202309.tif', 'C:\\Users\\cyber\\OneDrive\\Documents\\sentient\\data\\raw\\nightlights\\2023\\10\\viirs_monthly_bengaluru_202310.tif', 'C:\\Users\\cyber\\OneDrive\\Documents\\sentient\\data\\raw\\nightlights\\2023\\11\\viirs_monthly_bengaluru_202311.tif', 'C:\\Users\\cyber\\OneDrive\\Documents\\sentient\\data\\raw\\nightlights\\2023\\12\\viirs_monthly_bengaluru_202312.tif']",VIIRS monthly night-light composites from GEE.
2026-02-25T10:35:43+00:00,population,Bengaluru,2023-01-01,2023-12-31,77.45,12.8,77.75,13.1,EPSG:4326,['C:\\Users\\cyber\\OneDrive\\Documents\\sentient\\data\\raw\\population\\2023\\01\\worldpop_bengaluru_2023.tif'],WorldPop population raster from GEE for year 2023.
2026-02-25T10:38:12+00:00,sentinel1,Bengaluru,2020-01-01,2020-12-31,77.45,12.8,77.75,13.1,EPSG:4326,"['C:\\Users\\cyber\\OneDrive\\Documents\\sentient\\data\\raw\\sentinel1\\2020\\01\\sentinel1_compact_bengaluru_202001.tif', 'C:\\Users\\cyber\\OneDrive\\Documents\\sentient\\data\\raw\\sentinel1\\2020\\02\\sentinel1_compact_bengaluru_202002.tif', 'C:\\Users\\cyber\\OneDrive\\Documents\\sentient\\data\\raw\\sentinel1\\2020\\03\\sentinel1_compact_bengaluru_202003.tif', 'C:\\Users\\cyber\\OneDrive\\Documents\\sentient\\data\\raw\\sentinel1\\2020\\04\\sentinel1_compact_bengaluru_202004.tif', 'C:\\Users\\cyber\\OneDrive\\Documents\\sentient\\data\\raw\\sentinel1\\2020\\05\\sentinel1_compact_bengaluru_202005.tif', 'C:\\Users\\cyber\\OneDrive\\Documents\\sentient\\data\\raw\\sentinel1\\2020\\06\\sentinel1_compact_bengaluru_202006.tif', 'C:\\Users\\cyber\\OneDrive\\Documents\\sentient\\data\\raw\\sentinel1\\2020\\07\\sentinel1_compact_bengaluru_202007.tif', 'C:\\Users\\cyber\\OneDrive\\Documents\\sentient\\data\\raw\\sentinel1\\2020\\08\\sentinel1_compact_bengaluru_202008.tif', 'C:\\Users\\cyber\\OneDrive\\Documents\\sentient\\data\\raw\\sentinel1\\2020\\09\\sentinel1_compact_bengaluru_202009.tif', 'C:\\Users\\cyber\\OneDrive\\Documents\\sentient\\data\\raw\\sentinel1\\2020\\10\\sentinel1_compact_bengaluru_202010.tif', 'C:\\Users\\cyber\\OneDrive\\Documents\\sentient\\data\\raw\\sentinel1\\2020\\11\\sentinel1_compact_bengaluru_202011.tif', 'C:\\Users\\cyber\\OneDrive\\Documents\\sentient\\data\\raw\\sentinel1\\2020\\12\\sentinel1_compact_bengaluru_202012.tif']",Compact Sentinel-1 VV monthly median composites from GEE (scale=20m).
2026-02-25T10:41:04+00:00,sentinel1,Bengaluru,2021-01-01,2021-12-31,77.45,12.8,77.75,13.1,EPSG:4326,"['C:\\Users\\cyber\\OneDrive\\Documents\\sentient\\data\\raw\\sentinel1\\2021\\01\\sentinel1_compact_bengaluru_202101.tif', 'C:\\Users\\cyber\\OneDrive\\Documents\\sentient\\data\\raw\\sentinel1\\2021\\02\\sentinel1_compact_bengaluru_202102.tif', 'C:\\Users\\cyber\\OneDrive\\Documents\\sentient\\data\\raw\\sentinel1\\2021\\03\\sentinel1_compact_bengaluru_202103.tif', 'C:\\Users\\cyber\\OneDrive\\Documents\\sentient\\data\\raw\\sentinel1\\2021\\04\\sentinel1_compact_bengaluru_202104.tif', 'C:\\Users\\cyber\\OneDrive\\Documents\\sentient\\data\\raw\\sentinel1\\2021\\05\\sentinel1_compact_bengaluru_202105.tif', 'C:\\Users\\cyber\\OneDrive\\Documents\\sentient\\data\\raw\\sentinel1\\2021\\06\\sentinel1_compact_bengaluru_202106.tif', 'C:\\Users\\cyber\\OneDrive\\Documents\\sentient\\data\\raw\\sentinel1\\2021\\07\\sentinel1_compact_bengaluru_202107.tif', 'C:\\Users\\cyber\\OneDrive\\Documents\\sentient\\data\\raw\\sentinel1\\2021\\08\\sentinel1_compact_bengaluru_202108.tif', 'C:\\Users\\cyber\\OneDrive\\Documents\\sentient\\data\\raw\\sentinel1\\2021\\09\\sentinel1_compact_bengaluru_202109.tif', 'C:\\Users\\cyber\\OneDrive\\Documents\\sentient\\data\\raw\\sentinel1\\2021\\10\\sentinel1_compact_bengaluru_202110.tif', 'C:\\Users\\cyber\\OneDrive\\Documents\\sentient\\data\\raw\\sentinel1\\2021\\11\\sentinel1_compact_bengaluru_202111.tif', 'C:\\Users\\cyber\\OneDrive\\Documents\\sentient\\data\\raw\\sentinel1\\2021\\12\\sentinel1_compact_bengaluru_202112.tif']",Compact Sentinel-1 VV monthly median composites from GEE (scale=20m).
2026-02-25T10:44:01+00:00,sentinel1,Bengaluru,2022-01-01,2022-12-31,77.45,12.8,77.75,13.1,EPSG:4326,"['C:\\Users\\cyber\\OneDrive\\Documents\\sentient\\data\\raw\\sentinel1\\2022\\01\\sentinel1_compact_bengaluru_202201.tif', 'C:\\Users\\cyber\\OneDrive\\Documents\\sentient\\data\\raw\\sentinel1\\2022\\02\\sentinel1_compact_bengaluru_202202.tif', 'C:\\Users\\cyber\\OneDrive\\Documents\\sentient\\data\\raw\\sentinel1\\2022\\03\\sentinel1_compact_bengaluru_202203.tif', 'C:\\Users\\cyber\\OneDrive\\Documents\\sentient\\data\\raw\\sentinel1\\2022\\04\\sentinel1_compact_bengaluru_202204.tif', 'C:\\Users\\cyber\\OneDrive\\Documents\\sentient\\data\\raw\\sentinel1\\2022\\05\\sentinel1_compact_bengaluru_202205.tif', 'C:\\Users\\cyber\\OneDrive\\Documents\\sentient\\data\\raw\\sentinel1\\2022\\06\\sentinel1_compact_bengaluru_202206.tif', 'C:\\Users\\cyber\\OneDrive\\Documents\\sentient\\data\\raw\\sentinel1\\2022\\07\\sentinel1_compact_bengaluru_202207.tif', 'C:\\Users\\cyber\\OneDrive\\Documents\\sentient\\data\\raw\\sentinel1\\2022\\08\\sentinel1_compact_bengaluru_202208.tif', 'C:\\Users\\cyber\\OneDrive\\Documents\\sentient\\data\\raw\\sentinel1\\2022\\09\\sentinel1_compact_bengaluru_202209.tif', 'C:\\Users\\cyber\\OneDrive\\Documents\\sentient\\data\\raw\\sentinel1\\2022\\10\\sentinel1_compact_bengaluru_202210.tif', 'C:\\Users\\cyber\\OneDrive\\Documents\\sentient\\data\\raw\\sentinel1\\2022\\11\\sentinel1_compact_bengaluru_202211.tif', 'C:\\Users\\cyber\\OneDrive\\Documents\\sentient\\data\\raw\\sentinel1\\2022\\12\\sentinel1_compact_bengaluru_202212.tif']",Compact Sentinel-1 VV monthly median composites from GEE (scale=20m).
2026-02-25T10:47:08+00:00,sentinel1,Bengaluru,2023-01-01,2023-12-31,77.45,12.8,77.75,13.1,EPSG:4326,"['C:\\Users\\cyber\\OneDrive\\Documents\\sentient\\data\\raw\\sentinel1\\2023\\01\\sentinel1_compact_bengaluru_202301.tif', 'C:\\Users\\cyber\\OneDrive\\Documents\\sentient\\data\\raw\\sentinel1\\2023\\02\\sentinel1_compact_bengaluru_202302.tif', 'C:\\Users\\cyber\\OneDrive\\Documents\\sentient\\data\\raw\\sentinel1\\2023\\03\\sentinel1_compact_bengaluru_202303.tif', 'C:\\Users\\cyber\\OneDrive\\Documents\\sentient\\data\\raw\\sentinel1\\2023\\04\\sentinel1_compact_bengaluru_202304.tif', 'C:\\Users\\cyber\\OneDrive\\Documents\\sentient\\data\\raw\\sentinel1\\2023\\05\\sentinel1_compact_bengaluru_202305.tif', 'C:\\Users\\cyber\\OneDrive\\Documents\\sentient\\data\\raw\\sentinel1\\2023\\06\\sentinel1_compact_bengaluru_202306.tif', 'C:\\Users\\cyber\\OneDrive\\Documents\\sentient\\data\\raw\\sentinel1\\2023\\07\\sentinel1_compact_bengaluru_202307.tif', 'C:\\Users\\cyber\\OneDrive\\Documents\\sentient\\data\\raw\\sentinel1\\2023\\08\\sentinel1_compact_bengaluru_202308.tif', 'C:\\Users\\cyber\\OneDrive\\Documents\\sentient\\data\\raw\\sentinel1\\2023\\09\\sentinel1_compact_bengaluru_202309.tif', 'C:\\Users\\cyber\\OneDrive\\Documents\\sentient\\data\\raw\\sentinel1\\2023\\10\\sentinel1_compact_bengaluru_202310.tif', 'C:\\Users\\cyber\\OneDrive\\Documents\\sentient\\data\\raw\\sentinel1\\2023\\11\\sentinel1_compact_bengaluru_202311.tif', 'C:\\Users\\cyber\\OneDrive\\Documents\\sentient\\data\\raw\\sentinel1\\2023\\12\\sentinel1_compact_bengaluru_202312.tif']",Compact Sentinel-1 VV monthly median composites from GEE (scale=20m).
2026-02-25T10:50:15+00:00,sentinel1,Bengaluru,2024-01-01,2024-12-31,77.45,12.8,77.75,13.1,EPSG:4326,"['C:\\Users\\cyber\\OneDrive\\Documents\\sentient\\data\\raw\\sentinel1\\2024\\01\\sentinel1_compact_bengaluru_202401.tif', 'C:\\Users\\cyber\\OneDrive\\Documents\\sentient\\data\\raw\\sentinel1\\2024\\02\\sentinel1_compact_bengaluru_202402.tif', 'C:\\Users\\cyber\\OneDrive\\Documents\\sentient\\data\\raw\\sentinel1\\2024\\03\\sentinel1_compact_bengaluru_202403.tif', 'C:\\Users\\cyber\\OneDrive\\Documents\\sentient\\data\\raw\\sentinel1\\2024\\04\\sentinel1_compact_bengaluru_202404.tif', 'C:\\Users\\cyber\\OneDrive\\Documents\\sentient\\data\\raw\\sentinel1\\2024\\05\\sentinel1_compact_bengaluru_202405.tif', 'C:\\Users\\cyber\\OneDrive\\Documents\\sentient\\data\\raw\\sentinel1\\2024\\06\\sentinel1_compact_bengaluru_202406.tif', 'C:\\Users\\cyber\\OneDrive\\Documents\\sentient\\data\\raw\\sentinel1\\2024\\07\\sentinel1_compact_bengaluru_202407.tif', 'C:\\Users\\cyber\\OneDrive\\Documents\\sentient\\data\\raw\\sentinel1\\2024\\08\\sentinel1_compact_bengaluru_202408.tif', 'C:\\Users\\cyber\\OneDrive\\Documents\\sentient\\data\\raw\\sentinel1\\2024\\09\\sentinel1_compact_bengaluru_202409.tif', 'C:\\Users\\cyber\\OneDrive\\Documents\\sentient\\data\\raw\\sentinel1\\2024\\10\\sentinel1_compact_bengaluru_202410.tif', 'C:\\Users\\cyber\\OneDrive\\Documents\\sentient\\data\\raw\\sentinel1\\2024\\11\\sentinel1_compact_bengaluru_202411.tif', 'C:\\Users\\cyber\\OneDrive\\Documents\\sentient\\data\\raw\\sentinel1\\2024\\12\\sentinel1_compact_bengaluru_202412.tif']",Compact Sentinel-1 VV monthly median composites from GEE (scale=20m).
2026-02-25T10:53:59+00:00,sentinel1,Bengaluru,2020-01-01,2020-12-31,77.45,12.8,77.75,13.1,EPSG:4326,"['C:\\Users\\cyber\\OneDrive\\Documents\\sentient\\data\\raw\\sentinel1\\2020\\01\\sentinel1_compact_bengaluru_202001.tif', 'C:\\Users\\cyber\\OneDrive\\Documents\\sentient\\data\\raw\\sentinel1\\2020\\02\\sentinel1_compact_bengaluru_202002.tif', 'C:\\Users\\cyber\\OneDrive\\Documents\\sentient\\data\\raw\\sentinel1\\2020\\03\\sentinel1_compact_bengaluru_202003.tif', 'C:\\Users\\cyber\\OneDrive\\Documents\\sentient\\data\\raw\\sentinel1\\2020\\04\\sentinel1_compact_bengaluru_202004.tif', 'C:\\Users\\cyber\\OneDrive\\Documents\\sentient\\data\\raw\\sentinel1\\2020\\05\\sentinel1_compact_bengaluru_202005.tif', 'C:\\Users\\cyber\\OneDrive\\Documents\\sentient\\data\\raw\\sentinel1\\2020\\06\\sentinel1_compact_bengaluru_202006.tif', 'C:\\Users\\cyber\\OneDrive\\Documents\\sentient\\data\\raw\\sentinel1\\2020\\07\\sentinel1_compact_bengaluru_202007.tif', 'C:\\Users\\cyber\\OneDrive\\Documents\\sentient\\data\\raw\\sentinel1\\2020\\08\\sentinel1_compact_bengaluru_202008.tif', 'C:\\Users\\cyber\\OneDrive\\Documents\\sentient\\data\\raw\\sentinel1\\2020\\09\\sentinel1_compact_bengaluru_202009.tif', 'C:\\Users\\cyber\\OneDrive\\Documents\\sentient\\data\\raw\\sentinel1\\2020\\10\\sentinel1_compact_bengaluru_202010.tif', 'C:\\Users\\cyber\\OneDrive\\Documents\\sentient\\data\\raw\\sentinel1\\2020\\11\\sentinel1_compact_bengaluru_202011.tif', 'C:\\Users\\cyber\\OneDrive\\Documents\\sentient\\data\\raw\\sentinel1\\2020\\12\\sentinel1_compact_bengaluru_202012.tif']",Compact Sentinel-1 VV monthly median composites from GEE (scale=20m).
2026-02-25T11:12:57+00:00,sentinel2,Bengaluru,2020-01-01,2020-12-31,77.45,12.8,77.75,13.1,EPSG:4326,"['C:\\Users\\cyber\\OneDrive\\Documents\\sentient\\data\\raw\\sentinel2\\2020\\01\\sentinel2_compact_bengaluru_202001.tif', 'C:\\Users\\cyber\\OneDrive\\Documents\\sentient\\data\\raw\\sentinel2\\2020\\02\\sentinel2_compact_bengaluru_202002.tif', 'C:\\Users\\cyber\\OneDrive\\Documents\\sentient\\data\\raw\\sentinel2\\2020\\03\\sentinel2_compact_bengaluru_202003.tif', 'C:\\Users\\cyber\\OneDrive\\Documents\\sentient\\data\\raw\\sentinel2\\2020\\04\\sentinel2_compact_bengaluru_202004.tif', 'C:\\Users\\cyber\\OneDrive\\Documents\\sentient\\data\\raw\\sentinel2\\2020\\05\\sentinel2_compact_bengaluru_202005.tif', 'C:\\Users\\cyber\\OneDrive\\Documents\\sentient\\data\\raw\\sentinel2\\2020\\06\\sentinel2_compact_bengaluru_202006.tif', 'C:\\Users\\cyber\\OneDrive\\Documents\\sentient\\data\\raw\\sentinel2\\2020\\07\\sentinel2_compact_bengaluru_202007.tif', 'C:\\Users\\cyber\\OneDrive\\Documents\\sentient\\data\\raw\\sentinel2\\2020\\08\\sentinel2_compact_bengaluru_202008.tif', 'C:\\Users\\cyber\\OneDrive\\Documents\\sentient\\data\\raw\\sentinel2\\2020\\09\\sentinel2_compact_bengaluru_202009.tif', 'C:\\Users\\cyber\\OneDrive\\Documents\\sentient\\data\\raw\\sentinel2\\2020\\10\\sentinel2_compact_bengaluru_202010.tif', 'C:\\Users\\cyber\\OneDrive\\Documents\\sentient\\data\\raw\\sentinel2\\2020\\11\\sentinel2_compact_bengaluru_202011.tif', 'C:\\Users\\cyber\\OneDrive\\Documents\\sentient\\data\\raw\\sentinel2\\2020\\12\\sentinel2_compact_bengaluru_202012.tif']","Compact Sentinel-2 monthly median composites from GEE (max_cloud=40, scale=20m)."
2026-02-25T11:15:16+00:00,sentinel1,Bengaluru,2021-01-01,2021-12-31,77.45,12.8,77.75,13.1,EPSG:4326,"['C:\\Users\\cyber\\OneDrive\\Documents\\sentient\\data\\raw\\sentinel1\\2021\\01\\sentinel1_compact_bengaluru_202101.tif', 'C:\\Users\\cyber\\OneDrive\\Documents\\sentient\\data\\raw\\sentinel1\\2021\\02\\sentinel1_compact_bengaluru_202102.tif', 'C:\\Users\\cyber\\OneDrive\\Documents\\sentient\\data\\raw\\sentinel1\\2021\\03\\sentinel1_compact_bengaluru_202103.tif', 'C:\\Users\\cyber\\OneDrive\\Documents\\sentient\\data\\raw\\sentinel1\\2021\\04\\sentinel1_compact_bengaluru_202104.tif', 'C:\\Users\\cyber\\OneDrive\\Documents\\sentient\\data\\raw\\sentinel1\\2021\\05\\sentinel1_compact_bengaluru_202105.tif', 'C:\\Users\\cyber\\OneDrive\\Documents\\sentient\\data\\raw\\sentinel1\\2021\\06\\sentinel1_compact_bengaluru_202106.tif', 'C:\\Users\\cyber\\OneDrive\\Documents\\sentient\\data\\raw\\sentinel1\\2021\\07\\sentinel1_compact_bengaluru_202107.tif', 'C:\\Users\\cyber\\OneDrive\\Documents\\sentient\\data\\raw\\sentinel1\\2021\\08\\sentinel1_compact_bengaluru_202108.tif', 'C:\\Users\\cyber\\OneDrive\\Documents\\sentient\\data\\raw\\sentinel1\\2021\\09\\sentinel1_compact_bengaluru_202109.tif', 'C:\\Users\\cyber\\OneDrive\\Documents\\sentient\\data\\raw\\sentinel1\\2021\\10\\sentinel1_compact_bengaluru_202110.tif', 'C:\\Users\\cyber\\OneDrive\\Documents\\sentient\\data\\raw\\sentinel1\\2021\\11\\sentinel1_compact_bengaluru_202111.tif', 'C:\\Users\\cyber\\OneDrive\\Documents\\sentient\\data\\raw\\sentinel1\\2021\\12\\sentinel1_compact_bengaluru_202112.tif']",Compact Sentinel-1 VV monthly median composites from GEE (scale=20m).
2026-02-25T11:32:32+00:00,sentinel2,Bengaluru,2021-01-01,2021-12-31,77.45,12.8,77.75,13.1,EPSG:4326,"['C:\\Users\\cyber\\OneDrive\\Documents\\sentient\\data\\raw\\sentinel2\\2021\\01\\sentinel2_compact_bengaluru_202101.tif', 'C:\\Users\\cyber\\OneDrive\\Documents\\sentient\\data\\raw\\sentinel2\\2021\\02\\sentinel2_compact_bengaluru_202102.tif', 'C:\\Users\\cyber\\OneDrive\\Documents\\sentient\\data\\raw\\sentinel2\\2021\\03\\sentinel2_compact_bengaluru_202103.tif', 'C:\\Users\\cyber\\OneDrive\\Documents\\sentient\\data\\raw\\sentinel2\\2021\\04\\sentinel2_compact_bengaluru_202104.tif', 'C:\\Users\\cyber\\OneDrive\\Documents\\sentient\\data\\raw\\sentinel2\\2021\\05\\sentinel2_compact_bengaluru_202105.tif', 'C:\\Users\\cyber\\OneDrive\\Documents\\sentient\\data\\raw\\sentinel2\\2021\\06\\sentinel2_compact_bengaluru_202106.tif', 'C:\\Users\\cyber\\OneDrive\\Documents\\sentient\\data\\raw\\sentinel2\\2021\\07\\sentinel2_compact_bengaluru_202107.tif', 'C:\\Users\\cyber\\OneDrive\\Documents\\sentient\\data\\raw\\sentinel2\\2021\\08\\sentinel2_compact_bengaluru_202108.tif', 'C:\\Users\\cyber\\OneDrive\\Documents\\sentient\\data\\raw\\sentinel2\\2021\\09\\sentinel2_compact_bengaluru_202109.tif', 'C:\\Users\\cyber\\OneDrive\\Documents\\sentient\\data\\raw\\sentinel2\\2021\\10\\sentinel2_compact_bengaluru_202110.tif', 'C:\\Users\\cyber\\OneDrive\\Documents\\sentient\\data\\raw\\sentinel2\\2021\\11\\sentinel2_compact_bengaluru_202111.tif', 'C:\\Users\\cyber\\OneDrive\\Documents\\sentient\\data\\raw\\sentinel2\\2021\\12\\sentinel2_compact_bengaluru_202112.tif']","Compact Sentinel-2 monthly median composites from GEE (max_cloud=40, scale=20m)."
2026-02-25T11:34:45+00:00,sentinel1,Bengaluru,2022-01-01,2022-12-31,77.45,12.8,77.75,13.1,EPSG:4326,"['C:\\Users\\cyber\\OneDrive\\Documents\\sentient\\data\\raw\\sentinel1\\2022\\01\\sentinel1_compact_bengaluru_202201.tif', 'C:\\Users\\cyber\\OneDrive\\Documents\\sentient\\data\\raw\\sentinel1\\2022\\02\\sentinel1_compact_bengaluru_202202.tif', 'C:\\Users\\cyber\\OneDrive\\Documents\\sentient\\data\\raw\\sentinel1\\2022\\03\\sentinel1_compact_bengaluru_202203.tif', 'C:\\Users\\cyber\\OneDrive\\Documents\\sentient\\data\\raw\\sentinel1\\2022\\04\\sentinel1_compact_bengaluru_202204.tif', 'C:\\Users\\cyber\\OneDrive\\Documents\\sentient\\data\\raw\\sentinel1\\2022\\05\\sentinel1_compact_bengaluru_202205.tif', 'C:\\Users\\cyber\\OneDrive\\Documents\\sentient\\data\\raw\\sentinel1\\2022\\06\\sentinel1_compact_bengaluru_202206.tif', 'C:\\Users\\cyber\\OneDrive\\Documents\\sentient\\data\\raw\\sentinel1\\2022\\07\\sentinel1_compact_bengaluru_202207.tif', 'C:\\Users\\cyber\\OneDrive\\Documents\\sentient\\data\\raw\\sentinel1\\2022\\08\\sentinel1_compact_bengaluru_202208.tif', 'C:\\Users\\cyber\\OneDrive\\Documents\\sentient\\data\\raw\\sentinel1\\2022\\09\\sentinel1_compact_bengaluru_202209.tif', 'C:\\Users\\cyber\\OneDrive\\Documents\\sentient\\data\\raw\\sentinel1\\2022\\10\\sentinel1_compact_bengaluru_202210.tif', 'C:\\Users\\cyber\\OneDrive\\Documents\\sentient\\data\\raw\\sentinel1\\2022\\11\\sentinel1_compact_bengaluru_202211.tif', 'C:\\Users\\cyber\\OneDrive\\Documents\\sentient\\data\\raw\\sentinel1\\2022\\12\\sentinel1_compact_bengaluru_202212.tif']",Compact Sentinel-1 VV monthly median composites from GEE (scale=20m).
2026-02-25T11:54:14+00:00,sentinel2,Bengaluru,2022-01-01,2022-12-31,77.45,12.8,77.75,13.1,EPSG:4326,"['C:\\Users\\cyber\\OneDrive\\Documents\\sentient\\data\\raw\\sentinel2\\2022\\01\\sentinel2_compact_bengaluru_202201.tif', 'C:\\Users\\cyber\\OneDrive\\Documents\\sentient\\data\\raw\\sentinel2\\2022\\02\\sentinel2_compact_bengaluru_202202.tif', 'C:\\Users\\cyber\\OneDrive\\Documents\\sentient\\data\\raw\\sentinel2\\2022\\03\\sentinel2_compact_bengaluru_202203.tif', 'C:\\Users\\cyber\\OneDrive\\Documents\\sentient\\data\\raw\\sentinel2\\2022\\04\\sentinel2_compact_bengaluru_202204.tif', 'C:\\Users\\cyber\\OneDrive\\Documents\\sentient\\data\\raw\\sentinel2\\2022\\05\\sentinel2_compact_bengaluru_202205.tif', 'C:\\Users\\cyber\\OneDrive\\Documents\\sentient\\data\\raw\\sentinel2\\2022\\06\\sentinel2_compact_bengaluru_202206.tif', 'C:\\Users\\cyber\\OneDrive\\Documents\\sentient\\data\\raw\\sentinel2\\2022\\07\\sentinel2_compact_bengaluru_202207.tif', 'C:\\Users\\cyber\\OneDrive\\Documents\\sentient\\data\\raw\\sentinel2\\2022\\08\\sentinel2_compact_bengaluru_202208.tif', 'C:\\Users\\cyber\\OneDrive\\Documents\\sentient\\data\\raw\\sentinel2\\2022\\09\\sentinel2_compact_bengaluru_202209.tif', 'C:\\Users\\cyber\\OneDrive\\Documents\\sentient\\data\\raw\\sentinel2\\2022\\10\\sentinel2_compact_bengaluru_202210.tif', 'C:\\Users\\cyber\\OneDrive\\Documents\\sentient\\data\\raw\\sentinel2\\2022\\11\\sentinel2_compact_bengaluru_202211.tif', 'C:\\Users\\cyber\\OneDrive\\Documents\\sentient\\data\\raw\\sentinel2\\2022\\12\\sentinel2_compact_bengaluru_202212.tif']","Compact Sentinel-2 monthly median composites from GEE (max_cloud=40, scale=20m)."
2026-02-25T11:56:30+00:00,sentinel1,Bengaluru,2023-01-01,2023-12-31,77.45,12.8,77.75,13.1,EPSG:4326,"['C:\\Users\\cyber\\OneDrive\\Documents\\sentient\\data\\raw\\sentinel1\\2023\\01\\sentinel1_compact_bengaluru_202301.tif', 'C:\\Users\\cyber\\OneDrive\\Documents\\sentient\\data\\raw\\sentinel1\\2023\\02\\sentinel1_compact_bengaluru_202302.tif', 'C:\\Users\\cyber\\OneDrive\\Documents\\sentient\\data\\raw\\sentinel1\\2023\\03\\sentinel1_compact_bengaluru_202303.tif', 'C:\\Users\\cyber\\OneDrive\\Documents\\sentient\\data\\raw\\sentinel1\\2023\\04\\sentinel1_compact_bengaluru_202304.tif', 'C:\\Users\\cyber\\OneDrive\\Documents\\sentient\\data\\raw\\sentinel1\\2023\\05\\sentinel1_compact_bengaluru_202305.tif', 'C:\\Users\\cyber\\OneDrive\\Documents\\sentient\\data\\raw\\sentinel1\\2023\\06\\sentinel1_compact_bengaluru_202306.tif', 'C:\\Users\\cyber\\OneDrive\\Documents\\sentient\\data\\raw\\sentinel1\\2023\\07\\sentinel1_compact_bengaluru_202307.tif', 'C:\\Users\\cyber\\OneDrive\\Documents\\sentient\\data\\raw\\sentinel1\\2023\\08\\sentinel1_compact_bengaluru_202308.tif', 'C:\\Users\\cyber\\OneDrive\\Documents\\sentient\\data\\raw\\sentinel1\\2023\\09\\sentinel1_compact_bengaluru_202309.tif', 'C:\\Users\\cyber\\OneDrive\\Documents\\sentient\\data\\raw\\sentinel1\\2023\\10\\sentinel1_compact_bengaluru_202310.tif', 'C:\\Users\\cyber\\OneDrive\\Documents\\sentient\\data\\raw\\sentinel1\\2023\\11\\sentinel1_compact_bengaluru_202311.tif', 'C:\\Users\\cyber\\OneDrive\\Documents\\sentient\\data\\raw\\sentinel1\\2023\\12\\sentinel1_compact_bengaluru_202312.tif']",Compact Sentinel-1 VV monthly median composites from GEE (scale=20m).
2026-02-25T12:14:44+00:00,sentinel2,Bengaluru,2023-01-01,2023-12-31,77.45,12.8,77.75,13.1,EPSG:4326,"['C:\\Users\\cyber\\OneDrive\\Documents\\sentient\\data\\raw\\sentinel2\\2023\\01\\sentinel2_compact_bengaluru_202301.tif', 'C:\\Users\\cyber\\OneDrive\\Documents\\sentient\\data\\raw\\sentinel2\\2023\\02\\sentinel2_compact_bengaluru_202302.tif', 'C:\\Users\\cyber\\OneDrive\\Documents\\sentient\\data\\raw\\sentinel2\\2023\\03\\sentinel2_compact_bengaluru_202303.tif', 'C:\\Users\\cyber\\OneDrive\\Documents\\sentient\\data\\raw\\sentinel2\\2023\\04\\sentinel2_compact_bengaluru_202304.tif', 'C:\\Users\\cyber\\OneDrive\\Documents\\sentient\\data\\raw\\sentinel2\\2023\\05\\sentinel2_compact_bengaluru_202305.tif', 'C:\\Users\\cyber\\OneDrive\\Documents\\sentient\\data\\raw\\sentinel2\\2023\\06\\sentinel2_compact_bengaluru_202306.tif', 'C:\\Users\\cyber\\OneDrive\\Documents\\sentient\\data\\raw\\sentinel2\\2023\\07\\sentinel2_compact_bengaluru_202307.tif', 'C:\\Users\\cyber\\OneDrive\\Documents\\sentient\\data\\raw\\sentinel2\\2023\\08\\sentinel2_compact_bengaluru_202308.tif', 'C:\\Users\\cyber\\OneDrive\\Documents\\sentient\\data\\raw\\sentinel2\\2023\\09\\sentinel2_compact_bengaluru_202309.tif', 'C:\\Users\\cyber\\OneDrive\\Documents\\sentient\\data\\raw\\sentinel2\\2023\\10\\sentinel2_compact_bengaluru_202310.tif', 'C:\\Users\\cyber\\OneDrive\\Documents\\sentient\\data\\raw\\sentinel2\\2023\\11\\sentinel2_compact_bengaluru_202311.tif', 'C:\\Users\\cyber\\OneDrive\\Documents\\sentient\\data\\raw\\sentinel2\\2023\\12\\sentinel2_compact_bengaluru_202312.tif']","Compact Sentinel-2 monthly median composites from GEE (max_cloud=40, scale=20m)."
2026-02-25T12:16:29+00:00,landsat,Bengaluru,2021-11-01,2021-12-31,77.45,12.8,77.75,13.1,EPSG:4326,['C:\\Users\\cyber\\OneDrive\\Documents\\sentient\\data\\raw\\landsat\\2021\\12\\landsat_composite_bengaluru_202112.tif'],Landsat L2 monthly median composites from GEE (LC08+LC09).
2026-02-25T13:30:51+00:00,landsat,Bengaluru,2021-01-01,2021-12-31,77.45,12.8,77.75,13.1,EPSG:4326,"['C:\\Users\\cyber\\OneDrive\\Documents\\sentient\\data\\raw\\landsat\\2021\\01\\landsat_composite_bengaluru_202101.tif', 'C:\\Users\\cyber\\OneDrive\\Documents\\sentient\\data\\raw\\landsat\\2021\\02\\landsat_composite_bengaluru_202102.tif', 'C:\\Users\\cyber\\OneDrive\\Documents\\sentient\\data\\raw\\landsat\\2021\\03\\landsat_composite_bengaluru_202103.tif', 'C:\\Users\\cyber\\OneDrive\\Documents\\sentient\\data\\raw\\landsat\\2021\\04\\landsat_composite_bengaluru_202104.tif', 'C:\\Users\\cyber\\OneDrive\\Documents\\sentient\\data\\raw\\landsat\\2021\\05\\landsat_composite_bengaluru_202105.tif', 'C:\\Users\\cyber\\OneDrive\\Documents\\sentient\\data\\raw\\landsat\\2021\\08\\landsat_composite_bengaluru_202108.tif', 'C:\\Users\\cyber\\OneDrive\\Documents\\sentient\\data\\raw\\landsat\\2021\\12\\landsat_composite_bengaluru_202112.tif']","Landsat L2 monthly median composites from GEE (LC08+LC09, scale=30m)."
2026-02-25T13:32:37+00:00,landsat,Bengaluru,2021-11-01,2021-11-30,77.45,12.8,77.75,13.1,EPSG:4326,[],"Landsat L2 monthly median composites from GEE (LC08+LC09, scale=30m)."
2026-02-25T14:13:26+00:00,sentinel1,Bengaluru,2020-01-01,2020-12-31,77.45,12.8,77.75,13.1,EPSG:4326,"['C:\\Users\\cyber\\OneDrive\\Documents\\sentient\\data\\raw\\sentinel1\\2020\\01\\sentinel1_compact_bengaluru_202001.tif', 'C:\\Users\\cyber\\OneDrive\\Documents\\sentient\\data\\raw\\sentinel1\\2020\\02\\sentinel1_compact_bengaluru_202002.tif', 'C:\\Users\\cyber\\OneDrive\\Documents\\sentient\\data\\raw\\sentinel1\\2020\\03\\sentinel1_compact_bengaluru_202003.tif', 'C:\\Users\\cyber\\OneDrive\\Documents\\sentient\\data\\raw\\sentinel1\\2020\\04\\sentinel1_compact_bengaluru_202004.tif', 'C:\\Users\\cyber\\OneDrive\\Documents\\sentient\\data\\raw\\sentinel1\\2020\\05\\sentinel1_compact_bengaluru_202005.tif', 'C:\\Users\\cyber\\OneDrive\\Documents\\sentient\\data\\raw\\sentinel1\\2020\\06\\sentinel1_compact_bengaluru_202006.tif', 'C:\\Users\\cyber\\OneDrive\\Documents\\sentient\\data\\raw\\sentinel1\\2020\\07\\sentinel1_compact_bengaluru_202007.tif', 'C:\\Users\\cyber\\OneDrive\\Documents\\sentient\\data\\raw\\sentinel1\\2020\\08\\sentinel1_compact_bengaluru_202008.tif', 'C:\\Users\\cyber\\OneDrive\\Documents\\sentient\\data\\raw\\sentinel1\\2020\\09\\sentinel1_compact_bengaluru_202009.tif', 'C:\\Users\\cyber\\OneDrive\\Documents\\sentient\\data\\raw\\sentinel1\\2020\\10\\sentinel1_compact_bengaluru_202010.tif', 'C:\\Users\\cyber\\OneDrive\\Documents\\sentient\\data\\raw\\sentinel1\\2020\\11\\sentinel1_compact_bengaluru_202011.tif', 'C:\\Users\\cyber\\OneDrive\\Documents\\sentient\\data\\raw\\sentinel1\\2020\\12\\sentinel1_compact_bengaluru_202012.tif']",Compact Sentinel-1 VV monthly median composites from GEE (scale=20m).
2026-02-25T14:15:55+00:00,sentinel1,Bengaluru,2021-01-01,2021-12-31,77.45,12.8,77.75,13.1,EPSG:4326,"['C:\\Users\\cyber\\OneDrive\\Documents\\sentient\\data\\raw\\sentinel1\\2021\\01\\sentinel1_compact_bengaluru_202101.tif', 'C:\\Users\\cyber\\OneDrive\\Documents\\sentient\\data\\raw\\sentinel1\\2021\\02\\sentinel1_compact_bengaluru_202102.tif', 'C:\\Users\\cyber\\OneDrive\\Documents\\sentient\\data\\raw\\sentinel1\\2021\\03\\sentinel1_compact_bengaluru_202103.tif', 'C:\\Users\\cyber\\OneDrive\\Documents\\sentient\\data\\raw\\sentinel1\\2021\\04\\sentinel1_compact_bengaluru_202104.tif', 'C:\\Users\\cyber\\OneDrive\\Documents\\sentient\\data\\raw\\sentinel1\\2021\\05\\sentinel1_compact_bengaluru_202105.tif', 'C:\\Users\\cyber\\OneDrive\\Documents\\sentient\\data\\raw\\sentinel1\\2021\\06\\sentinel1_compact_bengaluru_202106.tif', 'C:\\Users\\cyber\\OneDrive\\Documents\\sentient\\data\\raw\\sentinel1\\2021\\07\\sentinel1_compact_bengaluru_202107.tif', 'C:\\Users\\cyber\\OneDrive\\Documents\\sentient\\data\\raw\\sentinel1\\2021\\08\\sentinel1_compact_bengaluru_202108.tif', 'C:\\Users\\cyber\\OneDrive\\Documents\\sentient\\data\\raw\\sentinel1\\2021\\09\\sentinel1_compact_bengaluru_202109.tif', 'C:\\Users\\cyber\\OneDrive\\Documents\\sentient\\data\\raw\\sentinel1\\2021\\10\\sentinel1_compact_bengaluru_202110.tif', 'C:\\Users\\cyber\\OneDrive\\Documents\\sentient\\data\\raw\\sentinel1\\2021\\11\\sentinel1_compact_bengaluru_202111.tif', 'C:\\Users\\cyber\\OneDrive\\Documents\\sentient\\data\\raw\\sentinel1\\2021\\12\\sentinel1_compact_bengaluru_202112.tif']",Compact Sentinel-1 VV monthly median composites from GEE (scale=20m).
2026-02-25T14:16:08+00:00,sentinel1,Bengaluru,2021-01-01,2021-12-31,77.45,12.8,77.75,13.1,EPSG:4326,"['C:\\Users\\cyber\\OneDrive\\Documents\\sentient\\data\\raw\\sentinel1\\2021\\01\\sentinel1_compact_bengaluru_202101.tif', 'C:\\Users\\cyber\\OneDrive\\Documents\\sentient\\data\\raw\\sentinel1\\2021\\02\\sentinel1_compact_bengaluru_202102.tif', 'C:\\Users\\cyber\\OneDrive\\Documents\\sentient\\data\\raw\\sentinel1\\2021\\03\\sentinel1_compact_bengaluru_202103.tif', 'C:\\Users\\cyber\\OneDrive\\Documents\\sentient\\data\\raw\\sentinel1\\2021\\04\\sentinel1_compact_bengaluru_202104.tif', 'C:\\Users\\cyber\\OneDrive\\Documents\\sentient\\data\\raw\\sentinel1\\2021\\05\\sentinel1_compact_bengaluru_202105.tif', 'C:\\Users\\cyber\\OneDrive\\Documents\\sentient\\data\\raw\\sentinel1\\2021\\06\\sentinel1_compact_bengaluru_202106.tif', 'C:\\Users\\cyber\\OneDrive\\Documents\\sentient\\data\\raw\\sentinel1\\2021\\07\\sentinel1_compact_bengaluru_202107.tif', 'C:\\Users\\cyber\\OneDrive\\Documents\\sentient\\data\\raw\\sentinel1\\2021\\08\\sentinel1_compact_bengaluru_202108.tif', 'C:\\Users\\cyber\\OneDrive\\Documents\\sentient\\data\\raw\\sentinel1\\2021\\09\\sentinel1_compact_bengaluru_202109.tif', 'C:\\Users\\cyber\\OneDrive\\Documents\\sentient\\data\\raw\\sentinel1\\2021\\10\\sentinel1_compact_bengaluru_202110.tif', 'C:\\Users\\cyber\\OneDrive\\Documents\\sentient\\data\\raw\\sentinel1\\2021\\11\\sentinel1_compact_bengaluru_202111.tif', 'C:\\Users\\cyber\\OneDrive\\Documents\\sentient\\data\\raw\\sentinel1\\2021\\12\\sentinel1_compact_bengaluru_202112.tif']",Compact Sentinel-1 VV monthly median composites from GEE (scale=20m).
2026-02-25T14:18:05+00:00,sentinel1,Bengaluru,2022-01-01,2022-12-31,77.45,12.8,77.75,13.1,EPSG:4326,"['C:\\Users\\cyber\\OneDrive\\Documents\\sentient\\data\\raw\\sentinel1\\2022\\01\\sentinel1_compact_bengaluru_202201.tif', 'C:\\Users\\cyber\\OneDrive\\Documents\\sentient\\data\\raw\\sentinel1\\2022\\02\\sentinel1_compact_bengaluru_202202.tif', 'C:\\Users\\cyber\\OneDrive\\Documents\\sentient\\data\\raw\\sentinel1\\2022\\03\\sentinel1_compact_bengaluru_202203.tif', 'C:\\Users\\cyber\\OneDrive\\Documents\\sentient\\data\\raw\\sentinel1\\2022\\04\\sentinel1_compact_bengaluru_202204.tif', 'C:\\Users\\cyber\\OneDrive\\Documents\\sentient\\data\\raw\\sentinel1\\2022\\05\\sentinel1_compact_bengaluru_202205.tif', 'C:\\Users\\cyber\\OneDrive\\Documents\\sentient\\data\\raw\\sentinel1\\2022\\06\\sentinel1_compact_bengaluru_202206.tif', 'C:\\Users\\cyber\\OneDrive\\Documents\\sentient\\data\\raw\\sentinel1\\2022\\07\\sentinel1_compact_bengaluru_202207.tif', 'C:\\Users\\cyber\\OneDrive\\Documents\\sentient\\data\\raw\\sentinel1\\2022\\08\\sentinel1_compact_bengaluru_202208.tif', 'C:\\Users\\cyber\\OneDrive\\Documents\\sentient\\data\\raw\\sentinel1\\2022\\09\\sentinel1_compact_bengaluru_202209.tif', 'C:\\Users\\cyber\\OneDrive\\Documents\\sentient\\data\\raw\\sentinel1\\2022\\10\\sentinel1_compact_bengaluru_202210.tif', 'C:\\Users\\cyber\\OneDrive\\Documents\\sentient\\data\\raw\\sentinel1\\2022\\11\\sentinel1_compact_bengaluru_202211.tif', 'C:\\Users\\cyber\\OneDrive\\Documents\\sentient\\data\\raw\\sentinel1\\2022\\12\\sentinel1_compact_bengaluru_202212.tif']",Compact Sentinel-1 VV monthly median composites from GEE (scale=20m).
2026-02-25T14:18:52+00:00,sentinel1,Bengaluru,2022-01-01,2022-12-31,77.45,12.8,77.75,13.1,EPSG:4326,"['C:\\Users\\cyber\\OneDrive\\Documents\\sentient\\data\\raw\\sentinel1\\2022\\01\\sentinel1_compact_bengaluru_202201.tif', 'C:\\Users\\cyber\\OneDrive\\Documents\\sentient\\data\\raw\\sentinel1\\2022\\02\\sentinel1_compact_bengaluru_202202.tif', 'C:\\Users\\cyber\\OneDrive\\Documents\\sentient\\data\\raw\\sentinel1\\2022\\03\\sentinel1_compact_bengaluru_202203.tif', 'C:\\Users\\cyber\\OneDrive\\Documents\\sentient\\data\\raw\\sentinel1\\2022\\04\\sentinel1_compact_bengaluru_202204.tif', 'C:\\Users\\cyber\\OneDrive\\Documents\\sentient\\data\\raw\\sentinel1\\2022\\05\\sentinel1_compact_bengaluru_202205.tif', 'C:\\Users\\cyber\\OneDrive\\Documents\\sentient\\data\\raw\\sentinel1\\2022\\06\\sentinel1_compact_bengaluru_202206.tif', 'C:\\Users\\cyber\\OneDrive\\Documents\\sentient\\data\\raw\\sentinel1\\2022\\07\\sentinel1_compact_bengaluru_202207.tif', 'C:\\Users\\cyber\\OneDrive\\Documents\\sentient\\data\\raw\\sentinel1\\2022\\08\\sentinel1_compact_bengaluru_202208.tif', 'C:\\Users\\cyber\\OneDrive\\Documents\\sentient\\data\\raw\\sentinel1\\2022\\09\\sentinel1_compact_bengaluru_202209.tif', 'C:\\Users\\cyber\\OneDrive\\Documents\\sentient\\data\\raw\\sentinel1\\2022\\10\\sentinel1_compact_bengaluru_202210.tif', 'C:\\Users\\cyber\\OneDrive\\Documents\\sentient\\data\\raw\\sentinel1\\2022\\11\\sentinel1_compact_bengaluru_202211.tif', 'C:\\Users\\cyber\\OneDrive\\Documents\\sentient\\data\\raw\\sentinel1\\2022\\12\\sentinel1_compact_bengaluru_202212.tif']",Compact Sentinel-1 VV monthly median composites from GEE (scale=20m).
2026-02-25T14:20:44+00:00,sentinel1,Bengaluru,2023-01-01,2023-12-31,77.45,12.8,77.75,13.1,EPSG:4326,"['C:\\Users\\cyber\\OneDrive\\Documents\\sentient\\data\\raw\\sentinel1\\2023\\01\\sentinel1_compact_bengaluru_202301.tif', 'C:\\Users\\cyber\\OneDrive\\Documents\\sentient\\data\\raw\\sentinel1\\2023\\02\\sentinel1_compact_bengaluru_202302.tif', 'C:\\Users\\cyber\\OneDrive\\Documents\\sentient\\data\\raw\\sentinel1\\2023\\03\\sentinel1_compact_bengaluru_202303.tif', 'C:\\Users\\cyber\\OneDrive\\Documents\\sentient\\data\\raw\\sentinel1\\2023\\04\\sentinel1_compact_bengaluru_202304.tif', 'C:\\Users\\cyber\\OneDrive\\Documents\\sentient\\data\\raw\\sentinel1\\2023\\05\\sentinel1_compact_bengaluru_202305.tif', 'C:\\Users\\cyber\\OneDrive\\Documents\\sentient\\data\\raw\\sentinel1\\2023\\06\\sentinel1_compact_bengaluru_202306.tif', 'C:\\Users\\cyber\\OneDrive\\Documents\\sentient\\data\\raw\\sentinel1\\2023\\07\\sentinel1_compact_bengaluru_202307.tif', 'C:\\Users\\cyber\\OneDrive\\Documents\\sentient\\data\\raw\\sentinel1\\2023\\08\\sentinel1_compact_bengaluru_202308.tif', 'C:\\Users\\cyber\\OneDrive\\Documents\\sentient\\data\\raw\\sentinel1\\2023\\09\\sentinel1_compact_bengaluru_202309.tif', 'C:\\Users\\cyber\\OneDrive\\Documents\\sentient\\data\\raw\\sentinel1\\2023\\10\\sentinel1_compact_bengaluru_202310.tif', 'C:\\Users\\cyber\\OneDrive\\Documents\\sentient\\data\\raw\\sentinel1\\2023\\11\\sentinel1_compact_bengaluru_202311.tif', 'C:\\Users\\cyber\\OneDrive\\Documents\\sentient\\data\\raw\\sentinel1\\2023\\12\\sentinel1_compact_bengaluru_202312.tif']",Compact Sentinel-1 VV monthly median composites from GEE (scale=20m).
2026-02-25T14:22:22+00:00,sentinel1,Bengaluru,2023-01-01,2023-12-31,77.45,12.8,77.75,13.1,EPSG:4326,"['C:\\Users\\cyber\\OneDrive\\Documents\\sentient\\data\\raw\\sentinel1\\2023\\01\\sentinel1_compact_bengaluru_202301.tif', 'C:\\Users\\cyber\\OneDrive\\Documents\\sentient\\data\\raw\\sentinel1\\2023\\02\\sentinel1_compact_bengaluru_202302.tif', 'C:\\Users\\cyber\\OneDrive\\Documents\\sentient\\data\\raw\\sentinel1\\2023\\03\\sentinel1_compact_bengaluru_202303.tif', 'C:\\Users\\cyber\\OneDrive\\Documents\\sentient\\data\\raw\\sentinel1\\2023\\04\\sentinel1_compact_bengaluru_202304.tif', 'C:\\Users\\cyber\\OneDrive\\Documents\\sentient\\data\\raw\\sentinel1\\2023\\05\\sentinel1_compact_bengaluru_202305.tif', 'C:\\Users\\cyber\\OneDrive\\Documents\\sentient\\data\\raw\\sentinel1\\2023\\06\\sentinel1_compact_bengaluru_202306.tif', 'C:\\Users\\cyber\\OneDrive\\Documents\\sentient\\data\\raw\\sentinel1\\2023\\07\\sentinel1_compact_bengaluru_202307.tif', 'C:\\Users\\cyber\\OneDrive\\Documents\\sentient\\data\\raw\\sentinel1\\2023\\08\\sentinel1_compact_bengaluru_202308.tif', 'C:\\Users\\cyber\\OneDrive\\Documents\\sentient\\data\\raw\\sentinel1\\2023\\09\\sentinel1_compact_bengaluru_202309.tif', 'C:\\Users\\cyber\\OneDrive\\Documents\\sentient\\data\\raw\\sentinel1\\2023\\10\\sentinel1_compact_bengaluru_202310.tif', 'C:\\Users\\cyber\\OneDrive\\Documents\\sentient\\data\\raw\\sentinel1\\2023\\11\\sentinel1_compact_bengaluru_202311.tif', 'C:\\Users\\cyber\\OneDrive\\Documents\\sentient\\data\\raw\\sentinel1\\2023\\12\\sentinel1_compact_bengaluru_202312.tif']",Compact Sentinel-1 VV monthly median composites from GEE (scale=20m).
2026-02-25T14:23:42+00:00,sentinel1,Bengaluru,2024-01-01,2024-12-31,77.45,12.8,77.75,13.1,EPSG:4326,"['C:\\Users\\cyber\\OneDrive\\Documents\\sentient\\data\\raw\\sentinel1\\2024\\01\\sentinel1_compact_bengaluru_202401.tif', 'C:\\Users\\cyber\\OneDrive\\Documents\\sentient\\data\\raw\\sentinel1\\2024\\02\\sentinel1_compact_bengaluru_202402.tif', 'C:\\Users\\cyber\\OneDrive\\Documents\\sentient\\data\\raw\\sentinel1\\2024\\03\\sentinel1_compact_bengaluru_202403.tif', 'C:\\Users\\cyber\\OneDrive\\Documents\\sentient\\data\\raw\\sentinel1\\2024\\04\\sentinel1_compact_bengaluru_202404.tif', 'C:\\Users\\cyber\\OneDrive\\Documents\\sentient\\data\\raw\\sentinel1\\2024\\05\\sentinel1_compact_bengaluru_202405.tif', 'C:\\Users\\cyber\\OneDrive\\Documents\\sentient\\data\\raw\\sentinel1\\2024\\06\\sentinel1_compact_bengaluru_202406.tif', 'C:\\Users\\cyber\\OneDrive\\Documents\\sentient\\data\\raw\\sentinel1\\2024\\07\\sentinel1_compact_bengaluru_202407.tif', 'C:\\Users\\cyber\\OneDrive\\Documents\\sentient\\data\\raw\\sentinel1\\2024\\08\\sentinel1_compact_bengaluru_202408.tif', 'C:\\Users\\cyber\\OneDrive\\Documents\\sentient\\data\\raw\\sentinel1\\2024\\09\\sentinel1_compact_bengaluru_202409.tif', 'C:\\Users\\cyber\\OneDrive\\Documents\\sentient\\data\\raw\\sentinel1\\2024\\10\\sentinel1_compact_bengaluru_202410.tif', 'C:\\Users\\cyber\\OneDrive\\Documents\\sentient\\data\\raw\\sentinel1\\2024\\11\\sentinel1_compact_bengaluru_202411.tif', 'C:\\Users\\cyber\\OneDrive\\Documents\\sentient\\data\\raw\\sentinel1\\2024\\12\\sentinel1_compact_bengaluru_202412.tif']",Compact Sentinel-1 VV monthly median composites from GEE (scale=20m).
2026-02-25T14:27:57+00:00,sentinel1,Bengaluru,2020-01-01,2020-12-31,77.45,12.8,77.75,13.1,EPSG:4326,"['C:\\Users\\cyber\\OneDrive\\Documents\\sentient\\data\\raw\\sentinel1\\2020\\01\\sentinel1_compact_bengaluru_202001.tif', 'C:\\Users\\cyber\\OneDrive\\Documents\\sentient\\data\\raw\\sentinel1\\2020\\02\\sentinel1_compact_bengaluru_202002.tif', 'C:\\Users\\cyber\\OneDrive\\Documents\\sentient\\data\\raw\\sentinel1\\2020\\03\\sentinel1_compact_bengaluru_202003.tif', 'C:\\Users\\cyber\\OneDrive\\Documents\\sentient\\data\\raw\\sentinel1\\2020\\04\\sentinel1_compact_bengaluru_202004.tif', 'C:\\Users\\cyber\\OneDrive\\Documents\\sentient\\data\\raw\\sentinel1\\2020\\05\\sentinel1_compact_bengaluru_202005.tif', 'C:\\Users\\cyber\\OneDrive\\Documents\\sentient\\data\\raw\\sentinel1\\2020\\06\\sentinel1_compact_bengaluru_202006.tif', 'C:\\Users\\cyber\\OneDrive\\Documents\\sentient\\data\\raw\\sentinel1\\2020\\07\\sentinel1_compact_bengaluru_202007.tif', 'C:\\Users\\cyber\\OneDrive\\Documents\\sentient\\data\\raw\\sentinel1\\2020\\08\\sentinel1_compact_bengaluru_202008.tif', 'C:\\Users\\cyber\\OneDrive\\Documents\\sentient\\data\\raw\\sentinel1\\2020\\09\\sentinel1_compact_bengaluru_202009.tif', 'C:\\Users\\cyber\\OneDrive\\Documents\\sentient\\data\\raw\\sentinel1\\2020\\10\\sentinel1_compact_bengaluru_202010.tif', 'C:\\Users\\cyber\\OneDrive\\Documents\\sentient\\data\\raw\\sentinel1\\2020\\11\\sentinel1_compact_bengaluru_202011.tif', 'C:\\Users\\cyber\\OneDrive\\Documents\\sentient\\data\\raw\\sentinel1\\2020\\12\\sentinel1_compact_bengaluru_202012.tif']",Compact Sentinel-1 VV monthly median composites from GEE (scale=20m).
2026-02-25T14:42:03+00:00,sentinel2,Bengaluru,2020-01-01,2020-12-31,77.45,12.8,77.75,13.1,EPSG:4326,"['C:\\Users\\cyber\\OneDrive\\Documents\\sentient\\data\\raw\\sentinel2\\2020\\01\\sentinel2_compact_bengaluru_202001.tif', 'C:\\Users\\cyber\\OneDrive\\Documents\\sentient\\data\\raw\\sentinel2\\2020\\02\\sentinel2_compact_bengaluru_202002.tif', 'C:\\Users\\cyber\\OneDrive\\Documents\\sentient\\data\\raw\\sentinel2\\2020\\03\\sentinel2_compact_bengaluru_202003.tif', 'C:\\Users\\cyber\\OneDrive\\Documents\\sentient\\data\\raw\\sentinel2\\2020\\04\\sentinel2_compact_bengaluru_202004.tif', 'C:\\Users\\cyber\\OneDrive\\Documents\\sentient\\data\\raw\\sentinel2\\2020\\05\\sentinel2_compact_bengaluru_202005.tif', 'C:\\Users\\cyber\\OneDrive\\Documents\\sentient\\data\\raw\\sentinel2\\2020\\07\\sentinel2_compact_bengaluru_202007.tif', 'C:\\Users\\cyber\\OneDrive\\Documents\\sentient\\data\\raw\\sentinel2\\2020\\10\\sentinel2_compact_bengaluru_202010.tif', 'C:\\Users\\cyber\\OneDrive\\Documents\\sentient\\data\\raw\\sentinel2\\2020\\11\\sentinel2_compact_bengaluru_202011.tif', 'C:\\Users\\cyber\\OneDrive\\Documents\\sentient\\data\\raw\\sentinel2\\2020\\12\\sentinel2_compact_bengaluru_202012.tif']","Compact Sentinel-2 monthly median composites from GEE (max_cloud=40, scale=30m)."
2026-02-25T14:44:48+00:00,landsat,Bengaluru,2020-01-01,2020-12-31,77.45,12.8,77.75,13.1,EPSG:4326,"['C:\\Users\\cyber\\OneDrive\\Documents\\sentient\\data\\raw\\landsat\\2020\\01\\landsat_composite_bengaluru_202001.tif', 'C:\\Users\\cyber\\OneDrive\\Documents\\sentient\\data\\raw\\landsat\\2020\\02\\landsat_composite_bengaluru_202002.tif', 'C:\\Users\\cyber\\OneDrive\\Documents\\sentient\\data\\raw\\landsat\\2020\\03\\landsat_composite_bengaluru_202003.tif', 'C:\\Users\\cyber\\OneDrive\\Documents\\sentient\\data\\raw\\landsat\\2020\\04\\landsat_composite_bengaluru_202004.tif', 'C:\\Users\\cyber\\OneDrive\\Documents\\sentient\\data\\raw\\landsat\\2020\\05\\landsat_composite_bengaluru_202005.tif', 'C:\\Users\\cyber\\OneDrive\\Documents\\sentient\\data\\raw\\landsat\\2020\\07\\landsat_composite_bengaluru_202007.tif', 'C:\\Users\\cyber\\OneDrive\\Documents\\sentient\\data\\raw\\landsat\\2020\\09\\landsat_composite_bengaluru_202009.tif', 'C:\\Users\\cyber\\OneDrive\\Documents\\sentient\\data\\raw\\landsat\\2020\\10\\landsat_composite_bengaluru_202010.tif', 'C:\\Users\\cyber\\OneDrive\\Documents\\sentient\\data\\raw\\landsat\\2020\\11\\landsat_composite_bengaluru_202011.tif', 'C:\\Users\\cyber\\OneDrive\\Documents\\sentient\\data\\raw\\landsat\\2020\\12\\landsat_composite_bengaluru_202012.tif']","Landsat L2 monthly median composites from GEE (LC08+LC09, scale=30m)."
2026-02-25T14:46:11+00:00,nightlights,Bengaluru,2020-01-01,2020-12-31,77.45,12.8,77.75,13.1,EPSG:4326,"['C:\\Users\\cyber\\OneDrive\\Documents\\sentient\\data\\raw\\nightlights\\2020\\01\\viirs_monthly_bengaluru_202001.tif', 'C:\\Users\\cyber\\OneDrive\\Documents\\sentient\\data\\raw\\nightlights\\2020\\02\\viirs_monthly_bengaluru_202002.tif', 'C:\\Users\\cyber\\OneDrive\\Documents\\sentient\\data\\raw\\nightlights\\2020\\03\\viirs_monthly_bengaluru_202003.tif', 'C:\\Users\\cyber\\OneDrive\\Documents\\sentient\\data\\raw\\nightlights\\2020\\04\\viirs_monthly_bengaluru_202004.tif', 'C:\\Users\\cyber\\OneDrive\\Documents\\sentient\\data\\raw\\nightlights\\2020\\05\\viirs_monthly_bengaluru_202005.tif', 'C:\\Users\\cyber\\OneDrive\\Documents\\sentient\\data\\raw\\nightlights\\2020\\06\\viirs_monthly_bengaluru_202006.tif', 'C:\\Users\\cyber\\OneDrive\\Documents\\sentient\\data\\raw\\nightlights\\2020\\07\\viirs_monthly_bengaluru_202007.tif', 'C:\\Users\\cyber\\OneDrive\\Documents\\sentient\\data\\raw\\nightlights\\2020\\08\\viirs_monthly_bengaluru_202008.tif', 'C:\\Users\\cyber\\OneDrive\\Documents\\sentient\\data\\raw\\nightlights\\2020\\09\\viirs_monthly_bengaluru_202009.tif', 'C:\\Users\\cyber\\OneDrive\\Documents\\sentient\\data\\raw\\nightlights\\2020\\10\\viirs_monthly_bengaluru_202010.tif', 'C:\\Users\\cyber\\OneDrive\\Documents\\sentient\\data\\raw\\nightlights\\2020\\11\\viirs_monthly_bengaluru_202011.tif', 'C:\\Users\\cyber\\OneDrive\\Documents\\sentient\\data\\raw\\nightlights\\2020\\12\\viirs_monthly_bengaluru_202012.tif']",VIIRS monthly night-light composites from GEE (scale=500m).
2026-02-25T14:46:33+00:00,population,Bengaluru,2020-01-01,2020-12-31,77.45,12.8,77.75,13.1,EPSG:4326,['C:\\Users\\cyber\\OneDrive\\Documents\\sentient\\data\\raw\\population\\2020\\01\\worldpop_bengaluru_2020.tif'],WorldPop population rasters from GEE (scale=100m).
2026-02-25T14:52:55+00:00,sentinel1,Bengaluru,2020-01-01,2020-12-31,77.45,12.8,77.75,13.1,EPSG:4326,"['C:\\Users\\cyber\\OneDrive\\Documents\\sentient\\data\\raw\\sentinel1\\2020\\01\\sentinel1_compact_bengaluru_202001.tif', 'C:\\Users\\cyber\\OneDrive\\Documents\\sentient\\data\\raw\\sentinel1\\2020\\02\\sentinel1_compact_bengaluru_202002.tif', 'C:\\Users\\cyber\\OneDrive\\Documents\\sentient\\data\\raw\\sentinel1\\2020\\03\\sentinel1_compact_bengaluru_202003.tif', 'C:\\Users\\cyber\\OneDrive\\Documents\\sentient\\data\\raw\\sentinel1\\2020\\04\\sentinel1_compact_bengaluru_202004.tif', 'C:\\Users\\cyber\\OneDrive\\Documents\\sentient\\data\\raw\\sentinel1\\2020\\05\\sentinel1_compact_bengaluru_202005.tif', 'C:\\Users\\cyber\\OneDrive\\Documents\\sentient\\data\\raw\\sentinel1\\2020\\06\\sentinel1_compact_bengaluru_202006.tif', 'C:\\Users\\cyber\\OneDrive\\Documents\\sentient\\data\\raw\\sentinel1\\2020\\07\\sentinel1_compact_bengaluru_202007.tif', 'C:\\Users\\cyber\\OneDrive\\Documents\\sentient\\data\\raw\\sentinel1\\2020\\08\\sentinel1_compact_bengaluru_202008.tif', 'C:\\Users\\cyber\\OneDrive\\Documents\\sentient\\data\\raw\\sentinel1\\2020\\09\\sentinel1_compact_bengaluru_202009.tif', 'C:\\Users\\cyber\\OneDrive\\Documents\\sentient\\data\\raw\\sentinel1\\2020\\10\\sentinel1_compact_bengaluru_202010.tif', 'C:\\Users\\cyber\\OneDrive\\Documents\\sentient\\data\\raw\\sentinel1\\2020\\11\\sentinel1_compact_bengaluru_202011.tif', 'C:\\Users\\cyber\\OneDrive\\Documents\\sentient\\data\\raw\\sentinel1\\2020\\12\\sentinel1_compact_bengaluru_202012.tif']",Compact Sentinel-1 VV monthly median composites from GEE (scale=20m).
2026-02-25T15:00:12+00:00,sentinel2,Bengaluru,2020-01-01,2020-12-31,77.45,12.8,77.75,13.1,EPSG:4326,"['C:\\Users\\cyber\\OneDrive\\Documents\\sentient\\data\\raw\\sentinel2\\2020\\01\\sentinel2_compact_bengaluru_202001.tif', 'C:\\Users\\cyber\\OneDrive\\Documents\\sentient\\data\\raw\\sentinel2\\2020\\02\\sentinel2_compact_bengaluru_202002.tif', 'C:\\Users\\cyber\\OneDrive\\Documents\\sentient\\data\\raw\\sentinel2\\2020\\03\\sentinel2_compact_bengaluru_202003.tif', 'C:\\Users\\cyber\\OneDrive\\Documents\\sentient\\data\\raw\\sentinel2\\2020\\04\\sentinel2_compact_bengaluru_202004.tif', 'C:\\Users\\cyber\\OneDrive\\Documents\\sentient\\data\\raw\\sentinel2\\2020\\05\\sentinel2_compact_bengaluru_202005.tif', 'C:\\Users\\cyber\\OneDrive\\Documents\\sentient\\data\\raw\\sentinel2\\2020\\07\\sentinel2_compact_bengaluru_202007.tif', 'C:\\Users\\cyber\\OneDrive\\Documents\\sentient\\data\\raw\\sentinel2\\2020\\10\\sentinel2_compact_bengaluru_202010.tif', 'C:\\Users\\cyber\\OneDrive\\Documents\\sentient\\data\\raw\\sentinel2\\2020\\11\\sentinel2_compact_bengaluru_202011.tif', 'C:\\Users\\cyber\\OneDrive\\Documents\\sentient\\data\\raw\\sentinel2\\2020\\12\\sentinel2_compact_bengaluru_202012.tif']","Compact Sentinel-2 monthly median composites from GEE (max_cloud=40, scale=30m)."
2026-02-25T15:46:19+00:00,sentinel1,Bengaluru,2020-01-01,2020-12-31,77.45,12.8,77.75,13.1,EPSG:4326,"['C:\\Users\\cyber\\OneDrive\\Documents\\sentient\\data\\raw\\sentinel1\\2020\\01\\sentinel1_compact_bengaluru_202001.tif', 'C:\\Users\\cyber\\OneDrive\\Documents\\sentient\\data\\raw\\sentinel1\\2020\\02\\sentinel1_compact_bengaluru_202002.tif', 'C:\\Users\\cyber\\OneDrive\\Documents\\sentient\\data\\raw\\sentinel1\\2020\\03\\sentinel1_compact_bengaluru_202003.tif', 'C:\\Users\\cyber\\OneDrive\\Documents\\sentient\\data\\raw\\sentinel1\\2020\\04\\sentinel1_compact_bengaluru_202004.tif', 'C:\\Users\\cyber\\OneDrive\\Documents\\sentient\\data\\raw\\sentinel1\\2020\\05\\sentinel1_compact_bengaluru_202005.tif', 'C:\\Users\\cyber\\OneDrive\\Documents\\sentient\\data\\raw\\sentinel1\\2020\\06\\sentinel1_compact_bengaluru_202006.tif', 'C:\\Users\\cyber\\OneDrive\\Documents\\sentient\\data\\raw\\sentinel1\\2020\\07\\sentinel1_compact_bengaluru_202007.tif', 'C:\\Users\\cyber\\OneDrive\\Documents\\sentient\\data\\raw\\sentinel1\\2020\\08\\sentinel1_compact_bengaluru_202008.tif', 'C:\\Users\\cyber\\OneDrive\\Documents\\sentient\\data\\raw\\sentinel1\\2020\\09\\sentinel1_compact_bengaluru_202009.tif', 'C:\\Users\\cyber\\OneDrive\\Documents\\sentient\\data\\raw\\sentinel1\\2020\\10\\sentinel1_compact_bengaluru_202010.tif', 'C:\\Users\\cyber\\OneDrive\\Documents\\sentient\\data\\raw\\sentinel1\\2020\\11\\sentinel1_compact_bengaluru_202011.tif', 'C:\\Users\\cyber\\OneDrive\\Documents\\sentient\\data\\raw\\sentinel1\\2020\\12\\sentinel1_compact_bengaluru_202012.tif']",Compact Sentinel-1 VV monthly median composites from GEE (scale=20m).
2026-02-25T15:54:31+00:00,sentinel2,Bengaluru,2020-01-01,2020-12-31,77.45,12.8,77.75,13.1,EPSG:4326,"['C:\\Users\\cyber\\OneDrive\\Documents\\sentient\\data\\raw\\sentinel2\\2020\\01\\sentinel2_compact_bengaluru_202001.tif', 'C:\\Users\\cyber\\OneDrive\\Documents\\sentient\\data\\raw\\sentinel2\\2020\\02\\sentinel2_compact_bengaluru_202002.tif', 'C:\\Users\\cyber\\OneDrive\\Documents\\sentient\\data\\raw\\sentinel2\\2020\\03\\sentinel2_compact_bengaluru_202003.tif', 'C:\\Users\\cyber\\OneDrive\\Documents\\sentient\\data\\raw\\sentinel2\\2020\\04\\sentinel2_compact_bengaluru_202004.tif', 'C:\\Users\\cyber\\OneDrive\\Documents\\sentient\\data\\raw\\sentinel2\\2020\\05\\sentinel2_compact_bengaluru_202005.tif', 'C:\\Users\\cyber\\OneDrive\\Documents\\sentient\\data\\raw\\sentinel2\\2020\\07\\sentinel2_compact_bengaluru_202007.tif', 'C:\\Users\\cyber\\OneDrive\\Documents\\sentient\\data\\raw\\sentinel2\\2020\\10\\sentinel2_compact_bengaluru_202010.tif', 'C:\\Users\\cyber\\OneDrive\\Documents\\sentient\\data\\raw\\sentinel2\\2020\\11\\sentinel2_compact_bengaluru_202011.tif', 'C:\\Users\\cyber\\OneDrive\\Documents\\sentient\\data\\raw\\sentinel2\\2020\\12\\sentinel2_compact_bengaluru_202012.tif']","Compact Sentinel-2 monthly median composites from GEE (max_cloud=40, scale=30m)."
2026-02-25T15:57:04+00:00,landsat,Bengaluru,2020-01-01,2020-12-31,77.45,12.8,77.75,13.1,EPSG:4326,"['C:\\Users\\cyber\\OneDrive\\Documents\\sentient\\data\\raw\\landsat\\2020\\01\\landsat_composite_bengaluru_202001.tif', 'C:\\Users\\cyber\\OneDrive\\Documents\\sentient\\data\\raw\\landsat\\2020\\02\\landsat_composite_bengaluru_202002.tif', 'C:\\Users\\cyber\\OneDrive\\Documents\\sentient\\data\\raw\\landsat\\2020\\03\\landsat_composite_bengaluru_202003.tif', 'C:\\Users\\cyber\\OneDrive\\Documents\\sentient\\data\\raw\\landsat\\2020\\04\\landsat_composite_bengaluru_202004.tif', 'C:\\Users\\cyber\\OneDrive\\Documents\\sentient\\data\\raw\\landsat\\2020\\05\\landsat_composite_bengaluru_202005.tif', 'C:\\Users\\cyber\\OneDrive\\Documents\\sentient\\data\\raw\\landsat\\2020\\07\\landsat_composite_bengaluru_202007.tif', 'C:\\Users\\cyber\\OneDrive\\Documents\\sentient\\data\\raw\\landsat\\2020\\09\\landsat_composite_bengaluru_202009.tif', 'C:\\Users\\cyber\\OneDrive\\Documents\\sentient\\data\\raw\\landsat\\2020\\10\\landsat_composite_bengaluru_202010.tif', 'C:\\Users\\cyber\\OneDrive\\Documents\\sentient\\data\\raw\\landsat\\2020\\11\\landsat_composite_bengaluru_202011.tif', 'C:\\Users\\cyber\\OneDrive\\Documents\\sentient\\data\\raw\\landsat\\2020\\12\\landsat_composite_bengaluru_202012.tif']","Landsat L2 monthly median composites from GEE (LC08+LC09, scale=30m)."
2026-02-25T15:59:52+00:00,nightlights,Bengaluru,2020-01-01,2020-12-31,77.45,12.8,77.75,13.1,EPSG:4326,"['C:\\Users\\cyber\\OneDrive\\Documents\\sentient\\data\\raw\\nightlights\\2020\\01\\viirs_monthly_bengaluru_202001.tif', 'C:\\Users\\cyber\\OneDrive\\Documents\\sentient\\data\\raw\\nightlights\\2020\\02\\viirs_monthly_bengaluru_202002.tif', 'C:\\Users\\cyber\\OneDrive\\Documents\\sentient\\data\\raw\\nightlights\\2020\\03\\viirs_monthly_bengaluru_202003.tif', 'C:\\Users\\cyber\\OneDrive\\Documents\\sentient\\data\\raw\\nightlights\\2020\\04\\viirs_monthly_bengaluru_202004.tif', 'C:\\Users\\cyber\\OneDrive\\Documents\\sentient\\data\\raw\\nightlights\\2020\\05\\viirs_monthly_bengaluru_202005.tif', 'C:\\Users\\cyber\\OneDrive\\Documents\\sentient\\data\\raw\\nightlights\\2020\\06\\viirs_monthly_bengaluru_202006.tif', 'C:\\Users\\cyber\\OneDrive\\Documents\\sentient\\data\\raw\\nightlights\\2020\\07\\viirs_monthly_bengaluru_202007.tif', 'C:\\Users\\cyber\\OneDrive\\Documents\\sentient\\data\\raw\\nightlights\\2020\\08\\viirs_monthly_bengaluru_202008.tif', 'C:\\Users\\cyber\\OneDrive\\Documents\\sentient\\data\\raw\\nightlights\\2020\\09\\viirs_monthly_bengaluru_202009.tif', 'C:\\Users\\cyber\\OneDrive\\Documents\\sentient\\data\\raw\\nightlights\\2020\\10\\viirs_monthly_bengaluru_202010.tif', 'C:\\Users\\cyber\\OneDrive\\Documents\\sentient\\data\\raw\\nightlights\\2020\\11\\viirs_monthly_bengaluru_202011.tif', 'C:\\Users\\cyber\\OneDrive\\Documents\\sentient\\data\\raw\\nightlights\\2020\\12\\viirs_monthly_bengaluru_202012.tif']",VIIRS monthly night-light composites from GEE (scale=500m).
2026-02-25T16:00:22+00:00,population,Bengaluru,2020-01-01,2020-12-31,77.45,12.8,77.75,13.1,EPSG:4326,['C:\\Users\\cyber\\OneDrive\\Documents\\sentient\\data\\raw\\population\\2020\\01\\worldpop_bengaluru_2020.tif'],WorldPop population rasters from GEE (scale=100m).
2026-02-25T16:03:30+00:00,sentinel1,Bengaluru,2021-01-01,2021-12-31,77.45,12.8,77.75,13.1,EPSG:4326,"['C:\\Users\\cyber\\OneDrive\\Documents\\sentient\\data\\raw\\sentinel1\\2021\\01\\sentinel1_compact_bengaluru_202101.tif', 'C:\\Users\\cyber\\OneDrive\\Documents\\sentient\\data\\raw\\sentinel1\\2021\\02\\sentinel1_compact_bengaluru_202102.tif', 'C:\\Users\\cyber\\OneDrive\\Documents\\sentient\\data\\raw\\sentinel1\\2021\\03\\sentinel1_compact_bengaluru_202103.tif', 'C:\\Users\\cyber\\OneDrive\\Documents\\sentient\\data\\raw\\sentinel1\\2021\\04\\sentinel1_compact_bengaluru_202104.tif', 'C:\\Users\\cyber\\OneDrive\\Documents\\sentient\\data\\raw\\sentinel1\\2021\\05\\sentinel1_compact_bengaluru_202105.tif', 'C:\\Users\\cyber\\OneDrive\\Documents\\sentient\\data\\raw\\sentinel1\\2021\\06\\sentinel1_compact_bengaluru_202106.tif', 'C:\\Users\\cyber\\OneDrive\\Documents\\sentient\\data\\raw\\sentinel1\\2021\\07\\sentinel1_compact_bengaluru_202107.tif', 'C:\\Users\\cyber\\OneDrive\\Documents\\sentient\\data\\raw\\sentinel1\\2021\\08\\sentinel1_compact_bengaluru_202108.tif', 'C:\\Users\\cyber\\OneDrive\\Documents\\sentient\\data\\raw\\sentinel1\\2021\\09\\sentinel1_compact_bengaluru_202109.tif', 'C:\\Users\\cyber\\OneDrive\\Documents\\sentient\\data\\raw\\sentinel1\\2021\\10\\sentinel1_compact_bengaluru_202110.tif', 'C:\\Users\\cyber\\OneDrive\\Documents\\sentient\\data\\raw\\sentinel1\\2021\\11\\sentinel1_compact_bengaluru_202111.tif', 'C:\\Users\\cyber\\OneDrive\\Documents\\sentient\\data\\raw\\sentinel1\\2021\\12\\sentinel1_compact_bengaluru_202112.tif']",Compact Sentinel-1 VV monthly median composites from GEE (scale=20m).
2026-02-25T16:09:08+00:00,sentinel2,Bengaluru,2021-01-01,2021-12-31,77.45,12.8,77.75,13.1,EPSG:4326,"['C:\\Users\\cyber\\OneDrive\\Documents\\sentient\\data\\raw\\sentinel2\\2021\\01\\sentinel2_compact_bengaluru_202101.tif', 'C:\\Users\\cyber\\OneDrive\\Documents\\sentient\\data\\raw\\sentinel2\\2021\\02\\sentinel2_compact_bengaluru_202102.tif', 'C:\\Users\\cyber\\OneDrive\\Documents\\sentient\\data\\raw\\sentinel2\\2021\\03\\sentinel2_compact_bengaluru_202103.tif', 'C:\\Users\\cyber\\OneDrive\\Documents\\sentient\\data\\raw\\sentinel2\\2021\\04\\sentinel2_compact_bengaluru_202104.tif', 'C:\\Users\\cyber\\OneDrive\\Documents\\sentient\\data\\raw\\sentinel2\\2021\\05\\sentinel2_compact_bengaluru_202105.tif', 'C:\\Users\\cyber\\OneDrive\\Documents\\sentient\\data\\raw\\sentinel2\\2021\\06\\sentinel2_compact_bengaluru_202106.tif', 'C:\\Users\\cyber\\OneDrive\\Documents\\sentient\\data\\raw\\sentinel2\\2021\\12\\sentinel2_compact_bengaluru_202112.tif']","Compact Sentinel-2 monthly median composites from GEE (max_cloud=40, scale=30m)."
2026-02-25T16:11:32+00:00,landsat,Bengaluru,2021-01-01,2021-12-31,77.45,12.8,77.75,13.1,EPSG:4326,"['C:\\Users\\cyber\\OneDrive\\Documents\\sentient\\data\\raw\\landsat\\2021\\01\\landsat_composite_bengaluru_202101.tif', 'C:\\Users\\cyber\\OneDrive\\Documents\\sentient\\data\\raw\\landsat\\2021\\02\\landsat_composite_bengaluru_202102.tif', 'C:\\Users\\cyber\\OneDrive\\Documents\\sentient\\data\\raw\\landsat\\2021\\03\\landsat_composite_bengaluru_202103.tif', 'C:\\Users\\cyber\\OneDrive\\Documents\\sentient\\data\\raw\\landsat\\2021\\04\\landsat_composite_bengaluru_202104.tif', 'C:\\Users\\cyber\\OneDrive\\Documents\\sentient\\data\\raw\\landsat\\2021\\05\\landsat_composite_bengaluru_202105.tif', 'C:\\Users\\cyber\\OneDrive\\Documents\\sentient\\data\\raw\\landsat\\2021\\08\\landsat_composite_bengaluru_202108.tif', 'C:\\Users\\cyber\\OneDrive\\Documents\\sentient\\data\\raw\\landsat\\2021\\12\\landsat_composite_bengaluru_202112.tif']","Landsat L2 monthly median composites from GEE (LC08+LC09, scale=30m)."
2026-02-25T16:13:36+00:00,nightlights,Bengaluru,2021-01-01,2021-12-31,77.45,12.8,77.75,13.1,EPSG:4326,"['C:\\Users\\cyber\\OneDrive\\Documents\\sentient\\data\\raw\\nightlights\\2021\\01\\viirs_monthly_bengaluru_202101.tif', 'C:\\Users\\cyber\\OneDrive\\Documents\\sentient\\data\\raw\\nightlights\\2021\\02\\viirs_monthly_bengaluru_202102.tif', 'C:\\Users\\cyber\\OneDrive\\Documents\\sentient\\data\\raw\\nightlights\\2021\\03\\viirs_monthly_bengaluru_202103.tif', 'C:\\Users\\cyber\\OneDrive\\Documents\\sentient\\data\\raw\\nightlights\\2021\\04\\viirs_monthly_bengaluru_202104.tif', 'C:\\Users\\cyber\\OneDrive\\Documents\\sentient\\data\\raw\\nightlights\\2021\\05\\viirs_monthly_bengaluru_202105.tif', 'C:\\Users\\cyber\\OneDrive\\Documents\\sentient\\data\\raw\\nightlights\\2021\\06\\viirs_monthly_bengaluru_202106.tif', 'C:\\Users\\cyber\\OneDrive\\Documents\\sentient\\data\\raw\\nightlights\\2021\\07\\viirs_monthly_bengaluru_202107.tif', 'C:\\Users\\cyber\\OneDrive\\Documents\\sentient\\data\\raw\\nightlights\\2021\\08\\viirs_monthly_bengaluru_202108.tif', 'C:\\Users\\cyber\\OneDrive\\Documents\\sentient\\data\\raw\\nightlights\\2021\\09\\viirs_monthly_bengaluru_202109.tif', 'C:\\Users\\cyber\\OneDrive\\Documents\\sentient\\data\\raw\\nightlights\\2021\\10\\viirs_monthly_bengaluru_202110.tif', 'C:\\Users\\cyber\\OneDrive\\Documents\\sentient\\data\\raw\\nightlights\\2021\\11\\viirs_monthly_bengaluru_202111.tif', 'C:\\Users\\cyber\\OneDrive\\Documents\\sentient\\data\\raw\\nightlights\\2021\\12\\viirs_monthly_bengaluru_202112.tif']",VIIRS monthly night-light composites from GEE (scale=500m).
2026-02-25T16:14:35+00:00,population,Bengaluru,2021-01-01,2021-12-31,77.45,12.8,77.75,13.1,EPSG:4326,[],WorldPop population rasters from GEE (scale=100m).
2026-02-25T16:19:45+00:00,sentinel1,Bengaluru,2022-01-01,2022-12-31,77.45,12.8,77.75,13.1,EPSG:4326,"['C:\\Users\\cyber\\OneDrive\\Documents\\sentient\\data\\raw\\sentinel1\\2022\\01\\sentinel1_compact_bengaluru_202201.tif', 'C:\\Users\\cyber\\OneDrive\\Documents\\sentient\\data\\raw\\sentinel1\\2022\\02\\sentinel1_compact_bengaluru_202202.tif', 'C:\\Users\\cyber\\OneDrive\\Documents\\sentient\\data\\raw\\sentinel1\\2022\\03\\sentinel1_compact_bengaluru_202203.tif', 'C:\\Users\\cyber\\OneDrive\\Documents\\sentient\\data\\raw\\sentinel1\\2022\\04\\sentinel1_compact_bengaluru_202204.tif', 'C:\\Users\\cyber\\OneDrive\\Documents\\sentient\\data\\raw\\sentinel1\\2022\\05\\sentinel1_compact_bengaluru_202205.tif', 'C:\\Users\\cyber\\OneDrive\\Documents\\sentient\\data\\raw\\sentinel1\\2022\\06\\sentinel1_compact_bengaluru_202206.tif', 'C:\\Users\\cyber\\OneDrive\\Documents\\sentient\\data\\raw\\sentinel1\\2022\\07\\sentinel1_compact_bengaluru_202207.tif', 'C:\\Users\\cyber\\OneDrive\\Documents\\sentient\\data\\raw\\sentinel1\\2022\\08\\sentinel1_compact_bengaluru_202208.tif', 'C:\\Users\\cyber\\OneDrive\\Documents\\sentient\\data\\raw\\sentinel1\\2022\\09\\sentinel1_compact_bengaluru_202209.tif', 'C:\\Users\\cyber\\OneDrive\\Documents\\sentient\\data\\raw\\sentinel1\\2022\\10\\sentinel1_compact_bengaluru_202210.tif', 'C:\\Users\\cyber\\OneDrive\\Documents\\sentient\\data\\raw\\sentinel1\\2022\\11\\sentinel1_compact_bengaluru_202211.tif', 'C:\\Users\\cyber\\OneDrive\\Documents\\sentient\\data\\raw\\sentinel1\\2022\\12\\sentinel1_compact_bengaluru_202212.tif']",Compact Sentinel-1 VV monthly median composites from GEE (scale=20m).
2026-02-25T16:28:18+00:00,sentinel2,Bengaluru,2022-01-01,2022-12-31,77.45,12.8,77.75,13.1,EPSG:4326,"['C:\\Users\\cyber\\OneDrive\\Documents\\sentient\\data\\raw\\sentinel2\\2022\\01\\sentinel2_compact_bengaluru_202201.tif', 'C:\\Users\\cyber\\OneDrive\\Documents\\sentient\\data\\raw\\sentinel2\\2022\\02\\sentinel2_compact_bengaluru_202202.tif', 'C:\\Users\\cyber\\OneDrive\\Documents\\sentient\\data\\raw\\sentinel2\\2022\\03\\sentinel2_compact_bengaluru_202203.tif', 'C:\\Users\\cyber\\OneDrive\\Documents\\sentient\\data\\raw\\sentinel2\\2022\\04\\sentinel2_compact_bengaluru_202204.tif', 'C:\\Users\\cyber\\OneDrive\\Documents\\sentient\\data\\raw\\sentinel2\\2022\\05\\sentinel2_compact_bengaluru_202205.tif', 'C:\\Users\\cyber\\OneDrive\\Documents\\sentient\\data\\raw\\sentinel2\\2022\\08\\sentinel2_compact_bengaluru_202208.tif', 'C:\\Users\\cyber\\OneDrive\\Documents\\sentient\\data\\raw\\sentinel2\\2022\\09\\sentinel2_compact_bengaluru_202209.tif', 'C:\\Users\\cyber\\OneDrive\\Documents\\sentient\\data\\raw\\sentinel2\\2022\\10\\sentinel2_compact_bengaluru_202210.tif', 'C:\\Users\\cyber\\OneDrive\\Documents\\sentient\\data\\raw\\sentinel2\\2022\\11\\sentinel2_compact_bengaluru_202211.tif', 'C:\\Users\\cyber\\OneDrive\\Documents\\sentient\\data\\raw\\sentinel2\\2022\\12\\sentinel2_compact_bengaluru_202212.tif']","Compact Sentinel-2 monthly median composites from GEE (max_cloud=40, scale=30m)."
2026-02-25T17:24:33+00:00,sentinel1,Bengaluru,2020-01-01,2020-12-31,77.45,12.8,77.75,13.1,EPSG:4326,"['C:\\Users\\cyber\\OneDrive\\Documents\\sentient\\data\\raw\\sentinel1\\2020\\01\\sentinel1_compact_bengaluru_202001.tif', 'C:\\Users\\cyber\\OneDrive\\Documents\\sentient\\data\\raw\\sentinel1\\2020\\02\\sentinel1_compact_bengaluru_202002.tif', 'C:\\Users\\cyber\\OneDrive\\Documents\\sentient\\data\\raw\\sentinel1\\2020\\03\\sentinel1_compact_bengaluru_202003.tif', 'C:\\Users\\cyber\\OneDrive\\Documents\\sentient\\data\\raw\\sentinel1\\2020\\04\\sentinel1_compact_bengaluru_202004.tif', 'C:\\Users\\cyber\\OneDrive\\Documents\\sentient\\data\\raw\\sentinel1\\2020\\05\\sentinel1_compact_bengaluru_202005.tif', 'C:\\Users\\cyber\\OneDrive\\Documents\\sentient\\data\\raw\\sentinel1\\2020\\06\\sentinel1_compact_bengaluru_202006.tif', 'C:\\Users\\cyber\\OneDrive\\Documents\\sentient\\data\\raw\\sentinel1\\2020\\07\\sentinel1_compact_bengaluru_202007.tif', 'C:\\Users\\cyber\\OneDrive\\Documents\\sentient\\data\\raw\\sentinel1\\2020\\08\\sentinel1_compact_bengaluru_202008.tif', 'C:\\Users\\cyber\\OneDrive\\Documents\\sentient\\data\\raw\\sentinel1\\2020\\09\\sentinel1_compact_bengaluru_202009.tif', 'C:\\Users\\cyber\\OneDrive\\Documents\\sentient\\data\\raw\\sentinel1\\2020\\10\\sentinel1_compact_bengaluru_202010.tif', 'C:\\Users\\cyber\\OneDrive\\Documents\\sentient\\data\\raw\\sentinel1\\2020\\11\\sentinel1_compact_bengaluru_202011.tif', 'C:\\Users\\cyber\\OneDrive\\Documents\\sentient\\data\\raw\\sentinel1\\2020\\12\\sentinel1_compact_bengaluru_202012.tif']",Compact Sentinel-1 VV monthly median composites from GEE (scale=20m).
2026-02-25T17:24:56+00:00,sentinel2,Bengaluru,2020-01-01,2020-12-31,77.45,12.8,77.75,13.1,EPSG:4326,"['C:\\Users\\cyber\\OneDrive\\Documents\\sentient\\data\\raw\\sentinel2\\2020\\01\\sentinel2_compact_bengaluru_202001.tif', 'C:\\Users\\cyber\\OneDrive\\Documents\\sentient\\data\\raw\\sentinel2\\2020\\02\\sentinel2_compact_bengaluru_202002.tif', 'C:\\Users\\cyber\\OneDrive\\Documents\\sentient\\data\\raw\\sentinel2\\2020\\03\\sentinel2_compact_bengaluru_202003.tif', 'C:\\Users\\cyber\\OneDrive\\Documents\\sentient\\data\\raw\\sentinel2\\2020\\04\\sentinel2_compact_bengaluru_202004.tif', 'C:\\Users\\cyber\\OneDrive\\Documents\\sentient\\data\\raw\\sentinel2\\2020\\05\\sentinel2_compact_bengaluru_202005.tif', 'C:\\Users\\cyber\\OneDrive\\Documents\\sentient\\data\\raw\\sentinel2\\2020\\07\\sentinel2_compact_bengaluru_202007.tif', 'C:\\Users\\cyber\\OneDrive\\Documents\\sentient\\data\\raw\\sentinel2\\2020\\10\\sentinel2_compact_bengaluru_202010.tif', 'C:\\Users\\cyber\\OneDrive\\Documents\\sentient\\data\\raw\\sentinel2\\2020\\11\\sentinel2_compact_bengaluru_202011.tif', 'C:\\Users\\cyber\\OneDrive\\Documents\\sentient\\data\\raw\\sentinel2\\2020\\12\\sentinel2_compact_bengaluru_202012.tif']","Compact Sentinel-2 monthly median composites from GEE (max_cloud=40, scale=30m)."
2026-02-25T17:25:35+00:00,landsat,Bengaluru,2020-01-01,2020-12-31,77.45,12.8,77.75,13.1,EPSG:4326,"['C:\\Users\\cyber\\OneDrive\\Documents\\sentient\\data\\raw\\landsat\\2020\\01\\landsat_composite_bengaluru_202001.tif', 'C:\\Users\\cyber\\OneDrive\\Documents\\sentient\\data\\raw\\landsat\\2020\\02\\landsat_composite_bengaluru_202002.tif', 'C:\\Users\\cyber\\OneDrive\\Documents\\sentient\\data\\raw\\landsat\\2020\\03\\landsat_composite_bengaluru_202003.tif', 'C:\\Users\\cyber\\OneDrive\\Documents\\sentient\\data\\raw\\landsat\\2020\\04\\landsat_composite_bengaluru_202004.tif', 'C:\\Users\\cyber\\OneDrive\\Documents\\sentient\\data\\raw\\landsat\\2020\\05\\landsat_composite_bengaluru_202005.tif', 'C:\\Users\\cyber\\OneDrive\\Documents\\sentient\\data\\raw\\landsat\\2020\\07\\landsat_composite_bengaluru_202007.tif', 'C:\\Users\\cyber\\OneDrive\\Documents\\sentient\\data\\raw\\landsat\\2020\\09\\landsat_composite_bengaluru_202009.tif', 'C:\\Users\\cyber\\OneDrive\\Documents\\sentient\\data\\raw\\landsat\\2020\\10\\landsat_composite_bengaluru_202010.tif', 'C:\\Users\\cyber\\OneDrive\\Documents\\sentient\\data\\raw\\landsat\\2020\\11\\landsat_composite_bengaluru_202011.tif', 'C:\\Users\\cyber\\OneDrive\\Documents\\sentient\\data\\raw\\landsat\\2020\\12\\landsat_composite_bengaluru_202012.tif']","Landsat L2 monthly median composites from GEE (LC08+LC09, scale=60m)."
2026-02-25T17:25:43+00:00,sentinel1,Bengaluru,2020-01-01,2020-12-31,77.45,12.8,77.75,13.1,EPSG:4326,"['C:\\Users\\cyber\\OneDrive\\Documents\\sentient\\data\\raw\\sentinel1\\2020\\01\\sentinel1_compact_bengaluru_202001.tif', 'C:\\Users\\cyber\\OneDrive\\Documents\\sentient\\data\\raw\\sentinel1\\2020\\02\\sentinel1_compact_bengaluru_202002.tif', 'C:\\Users\\cyber\\OneDrive\\Documents\\sentient\\data\\raw\\sentinel1\\2020\\03\\sentinel1_compact_bengaluru_202003.tif', 'C:\\Users\\cyber\\OneDrive\\Documents\\sentient\\data\\raw\\sentinel1\\2020\\04\\sentinel1_compact_bengaluru_202004.tif', 'C:\\Users\\cyber\\OneDrive\\Documents\\sentient\\data\\raw\\sentinel1\\2020\\05\\sentinel1_compact_bengaluru_202005.tif', 'C:\\Users\\cyber\\OneDrive\\Documents\\sentient\\data\\raw\\sentinel1\\2020\\06\\sentinel1_compact_bengaluru_202006.tif', 'C:\\Users\\cyber\\OneDrive\\Documents\\sentient\\data\\raw\\sentinel1\\2020\\07\\sentinel1_compact_bengaluru_202007.tif', 'C:\\Users\\cyber\\OneDrive\\Documents\\sentient\\data\\raw\\sentinel1\\2020\\08\\sentinel1_compact_bengaluru_202008.tif', 'C:\\Users\\cyber\\OneDrive\\Documents\\sentient\\data\\raw\\sentinel1\\2020\\09\\sentinel1_compact_bengaluru_202009.tif', 'C:\\Users\\cyber\\OneDrive\\Documents\\sentient\\data\\raw\\sentinel1\\2020\\10\\sentinel1_compact_bengaluru_202010.tif', 'C:\\Users\\cyber\\OneDrive\\Documents\\sentient\\data\\raw\\sentinel1\\2020\\11\\sentinel1_compact_bengaluru_202011.tif', 'C:\\Users\\cyber\\OneDrive\\Documents\\sentient\\data\\raw\\sentinel1\\2020\\12\\sentinel1_compact_bengaluru_202012.tif']",Compact Sentinel-1 VV monthly median composites from GEE (scale=20m).
2026-02-25T17:25:54+00:00,nightlights,Bengaluru,2020-01-01,2020-12-31,77.45,12.8,77.75,13.1,EPSG:4326,"['C:\\Users\\cyber\\OneDrive\\Documents\\sentient\\data\\raw\\nightlights\\2020\\01\\viirs_monthly_bengaluru_202001.tif', 'C:\\Users\\cyber\\OneDrive\\Documents\\sentient\\data\\raw\\nightlights\\2020\\02\\viirs_monthly_bengaluru_202002.tif', 'C:\\Users\\cyber\\OneDrive\\Documents\\sentient\\data\\raw\\nightlights\\2020\\03\\viirs_monthly_bengaluru_202003.tif', 'C:\\Users\\cyber\\OneDrive\\Documents\\sentient\\data\\raw\\nightlights\\2020\\04\\viirs_monthly_bengaluru_202004.tif', 'C:\\Users\\cyber\\OneDrive\\Documents\\sentient\\data\\raw\\nightlights\\2020\\05\\viirs_monthly_bengaluru_202005.tif', 'C:\\Users\\cyber\\OneDrive\\Documents\\sentient\\data\\raw\\nightlights\\2020\\06\\viirs_monthly_bengaluru_202006.tif', 'C:\\Users\\cyber\\OneDrive\\Documents\\sentient\\data\\raw\\nightlights\\2020\\07\\viirs_monthly_bengaluru_202007.tif', 'C:\\Users\\cyber\\OneDrive\\Documents\\sentient\\data\\raw\\nightlights\\2020\\08\\viirs_monthly_bengaluru_202008.tif', 'C:\\Users\\cyber\\OneDrive\\Documents\\sentient\\data\\raw\\nightlights\\2020\\09\\viirs_monthly_bengaluru_202009.tif', 'C:\\Users\\cyber\\OneDrive\\Documents\\sentient\\data\\raw\\nightlights\\2020\\10\\viirs_monthly_bengaluru_202010.tif', 'C:\\Users\\cyber\\OneDrive\\Documents\\sentient\\data\\raw\\nightlights\\2020\\11\\viirs_monthly_bengaluru_202011.tif', 'C:\\Users\\cyber\\OneDrive\\Documents\\sentient\\data\\raw\\nightlights\\2020\\12\\viirs_monthly_bengaluru_202012.tif']",VIIRS monthly night-light composites from GEE (scale=500m).
2026-02-25T17:26:05+00:00,population,Bengaluru,2020-01-01,2020-12-31,77.45,12.8,77.75,13.1,EPSG:4326,['C:\\Users\\cyber\\OneDrive\\Documents\\sentient\\data\\raw\\population\\2020\\01\\worldpop_bengaluru_2020.tif'],WorldPop population rasters from GEE (scale=100m).
2026-02-25T17:26:09+00:00,sentinel2,Bengaluru,2020-01-01,2020-12-31,77.45,12.8,77.75,13.1,EPSG:4326,"['C:\\Users\\cyber\\OneDrive\\Documents\\sentient\\data\\raw\\sentinel2\\2020\\01\\sentinel2_compact_bengaluru_202001.tif', 'C:\\Users\\cyber\\OneDrive\\Documents\\sentient\\data\\raw\\sentinel2\\2020\\02\\sentinel2_compact_bengaluru_202002.tif', 'C:\\Users\\cyber\\OneDrive\\Documents\\sentient\\data\\raw\\sentinel2\\2020\\03\\sentinel2_compact_bengaluru_202003.tif', 'C:\\Users\\cyber\\OneDrive\\Documents\\sentient\\data\\raw\\sentinel2\\2020\\04\\sentinel2_compact_bengaluru_202004.tif', 'C:\\Users\\cyber\\OneDrive\\Documents\\sentient\\data\\raw\\sentinel2\\2020\\05\\sentinel2_compact_bengaluru_202005.tif', 'C:\\Users\\cyber\\OneDrive\\Documents\\sentient\\data\\raw\\sentinel2\\2020\\07\\sentinel2_compact_bengaluru_202007.tif', 'C:\\Users\\cyber\\OneDrive\\Documents\\sentient\\data\\raw\\sentinel2\\2020\\10\\sentinel2_compact_bengaluru_202010.tif', 'C:\\Users\\cyber\\OneDrive\\Documents\\sentient\\data\\raw\\sentinel2\\2020\\11\\sentinel2_compact_bengaluru_202011.tif', 'C:\\Users\\cyber\\OneDrive\\Documents\\sentient\\data\\raw\\sentinel2\\2020\\12\\sentinel2_compact_bengaluru_202012.tif']","Compact Sentinel-2 monthly median composites from GEE (max_cloud=40, scale=30m)."
2026-02-25T17:26:28+00:00,sentinel1,Bengaluru,2021-01-01,2021-12-31,77.45,12.8,77.75,13.1,EPSG:4326,"['C:\\Users\\cyber\\OneDrive\\Documents\\sentient\\data\\raw\\sentinel1\\2021\\01\\sentinel1_compact_bengaluru_202101.tif', 'C:\\Users\\cyber\\OneDrive\\Documents\\sentient\\data\\raw\\sentinel1\\2021\\02\\sentinel1_compact_bengaluru_202102.tif', 'C:\\Users\\cyber\\OneDrive\\Documents\\sentient\\data\\raw\\sentinel1\\2021\\03\\sentinel1_compact_bengaluru_202103.tif', 'C:\\Users\\cyber\\OneDrive\\Documents\\sentient\\data\\raw\\sentinel1\\2021\\04\\sentinel1_compact_bengaluru_202104.tif', 'C:\\Users\\cyber\\OneDrive\\Documents\\sentient\\data\\raw\\sentinel1\\2021\\05\\sentinel1_compact_bengaluru_202105.tif', 'C:\\Users\\cyber\\OneDrive\\Documents\\sentient\\data\\raw\\sentinel1\\2021\\06\\sentinel1_compact_bengaluru_202106.tif', 'C:\\Users\\cyber\\OneDrive\\Documents\\sentient\\data\\raw\\sentinel1\\2021\\07\\sentinel1_compact_bengaluru_202107.tif', 'C:\\Users\\cyber\\OneDrive\\Documents\\sentient\\data\\raw\\sentinel1\\2021\\08\\sentinel1_compact_bengaluru_202108.tif', 'C:\\Users\\cyber\\OneDrive\\Documents\\sentient\\data\\raw\\sentinel1\\2021\\09\\sentinel1_compact_bengaluru_202109.tif', 'C:\\Users\\cyber\\OneDrive\\Documents\\sentient\\data\\raw\\sentinel1\\2021\\10\\sentinel1_compact_bengaluru_202110.tif', 'C:\\Users\\cyber\\OneDrive\\Documents\\sentient\\data\\raw\\sentinel1\\2021\\11\\sentinel1_compact_bengaluru_202111.tif', 'C:\\Users\\cyber\\OneDrive\\Documents\\sentient\\data\\raw\\sentinel1\\2021\\12\\sentinel1_compact_bengaluru_202112.tif']",Compact Sentinel-1 VV monthly median composites from GEE (scale=20m).
2026-02-25T17:26:30+00:00,landsat,Bengaluru,2020-01-01,2020-12-31,77.45,12.8,77.75,13.1,EPSG:4326,"['C:\\Users\\cyber\\OneDrive\\Documents\\sentient\\data\\raw\\landsat\\2020\\01\\landsat_composite_bengaluru_202001.tif', 'C:\\Users\\cyber\\OneDrive\\Documents\\sentient\\data\\raw\\landsat\\2020\\02\\landsat_composite_bengaluru_202002.tif', 'C:\\Users\\cyber\\OneDrive\\Documents\\sentient\\data\\raw\\landsat\\2020\\03\\landsat_composite_bengaluru_202003.tif', 'C:\\Users\\cyber\\OneDrive\\Documents\\sentient\\data\\raw\\landsat\\2020\\04\\landsat_composite_bengaluru_202004.tif', 'C:\\Users\\cyber\\OneDrive\\Documents\\sentient\\data\\raw\\landsat\\2020\\05\\landsat_composite_bengaluru_202005.tif', 'C:\\Users\\cyber\\OneDrive\\Documents\\sentient\\data\\raw\\landsat\\2020\\07\\landsat_composite_bengaluru_202007.tif', 'C:\\Users\\cyber\\OneDrive\\Documents\\sentient\\data\\raw\\landsat\\2020\\09\\landsat_composite_bengaluru_202009.tif', 'C:\\Users\\cyber\\OneDrive\\Documents\\sentient\\data\\raw\\landsat\\2020\\10\\landsat_composite_bengaluru_202010.tif', 'C:\\Users\\cyber\\OneDrive\\Documents\\sentient\\data\\raw\\landsat\\2020\\11\\landsat_composite_bengaluru_202011.tif', 'C:\\Users\\cyber\\OneDrive\\Documents\\sentient\\data\\raw\\landsat\\2020\\12\\landsat_composite_bengaluru_202012.tif']","Landsat L2 monthly median composites from GEE (LC08+LC09, scale=30m)."
2026-02-25T17:26:50+00:00,nightlights,Bengaluru,2020-01-01,2020-12-31,77.45,12.8,77.75,13.1,EPSG:4326,"['C:\\Users\\cyber\\OneDrive\\Documents\\sentient\\data\\raw\\nightlights\\2020\\01\\viirs_monthly_bengaluru_202001.tif', 'C:\\Users\\cyber\\OneDrive\\Documents\\sentient\\data\\raw\\nightlights\\2020\\02\\viirs_monthly_bengaluru_202002.tif', 'C:\\Users\\cyber\\OneDrive\\Documents\\sentient\\data\\raw\\nightlights\\2020\\03\\viirs_monthly_bengaluru_202003.tif', 'C:\\Users\\cyber\\OneDrive\\Documents\\sentient\\data\\raw\\nightlights\\2020\\04\\viirs_monthly_bengaluru_202004.tif', 'C:\\Users\\cyber\\OneDrive\\Documents\\sentient\\data\\raw\\nightlights\\2020\\05\\viirs_monthly_bengaluru_202005.tif', 'C:\\Users\\cyber\\OneDrive\\Documents\\sentient\\data\\raw\\nightlights\\2020\\06\\viirs_monthly_bengaluru_202006.tif', 'C:\\Users\\cyber\\OneDrive\\Documents\\sentient\\data\\raw\\nightlights\\2020\\07\\viirs_monthly_bengaluru_202007.tif', 'C:\\Users\\cyber\\OneDrive\\Documents\\sentient\\data\\raw\\nightlights\\2020\\08\\viirs_monthly_bengaluru_202008.tif', 'C:\\Users\\cyber\\OneDrive\\Documents\\sentient\\data\\raw\\nightlights\\2020\\09\\viirs_monthly_bengaluru_202009.tif', 'C:\\Users\\cyber\\OneDrive\\Documents\\sentient\\data\\raw\\nightlights\\2020\\10\\viirs_monthly_bengaluru_202010.tif', 'C:\\Users\\cyber\\OneDrive\\Documents\\sentient\\data\\raw\\nightlights\\2020\\11\\viirs_monthly_bengaluru_202011.tif', 'C:\\Users\\cyber\\OneDrive\\Documents\\sentient\\data\\raw\\nightlights\\2020\\12\\viirs_monthly_bengaluru_202012.tif']",VIIRS monthly night-light composites from GEE (scale=500m).
2026-02-25T17:26:53+00:00,sentinel2,Bengaluru,2021-01-01,2021-12-31,77.45,12.8,77.75,13.1,EPSG:4326,"['C:\\Users\\cyber\\OneDrive\\Documents\\sentient\\data\\raw\\sentinel2\\2021\\01\\sentinel2_compact_bengaluru_202101.tif', 'C:\\Users\\cyber\\OneDrive\\Documents\\sentient\\data\\raw\\sentinel2\\2021\\02\\sentinel2_compact_bengaluru_202102.tif', 'C:\\Users\\cyber\\OneDrive\\Documents\\sentient\\data\\raw\\sentinel2\\2021\\03\\sentinel2_compact_bengaluru_202103.tif', 'C:\\Users\\cyber\\OneDrive\\Documents\\sentient\\data\\raw\\sentinel2\\2021\\04\\sentinel2_compact_bengaluru_202104.tif', 'C:\\Users\\cyber\\OneDrive\\Documents\\sentient\\data\\raw\\sentinel2\\2021\\05\\sentinel2_compact_bengaluru_202105.tif', 'C:\\Users\\cyber\\OneDrive\\Documents\\sentient\\data\\raw\\sentinel2\\2021\\06\\sentinel2_compact_bengaluru_202106.tif', 'C:\\Users\\cyber\\OneDrive\\Documents\\sentient\\data\\raw\\sentinel2\\2021\\12\\sentinel2_compact_bengaluru_202112.tif']","Compact Sentinel-2 monthly median composites from GEE (max_cloud=40, scale=30m)."
2026-02-25T17:27:01+00:00,population,Bengaluru,2020-01-01,2020-12-31,77.45,12.8,77.75,13.1,EPSG:4326,['C:\\Users\\cyber\\OneDrive\\Documents\\sentient\\data\\raw\\population\\2020\\01\\worldpop_bengaluru_2020.tif'],WorldPop population rasters from GEE (scale=100m).
2026-02-25T17:27:14+00:00,landsat,Bengaluru,2021-01-01,2021-12-31,77.45,12.8,77.75,13.1,EPSG:4326,"['C:\\Users\\cyber\\OneDrive\\Documents\\sentient\\data\\raw\\landsat\\2021\\01\\landsat_composite_bengaluru_202101.tif', 'C:\\Users\\cyber\\OneDrive\\Documents\\sentient\\data\\raw\\landsat\\2021\\02\\landsat_composite_bengaluru_202102.tif', 'C:\\Users\\cyber\\OneDrive\\Documents\\sentient\\data\\raw\\landsat\\2021\\03\\landsat_composite_bengaluru_202103.tif', 'C:\\Users\\cyber\\OneDrive\\Documents\\sentient\\data\\raw\\landsat\\2021\\04\\landsat_composite_bengaluru_202104.tif', 'C:\\Users\\cyber\\OneDrive\\Documents\\sentient\\data\\raw\\landsat\\2021\\05\\landsat_composite_bengaluru_202105.tif', 'C:\\Users\\cyber\\OneDrive\\Documents\\sentient\\data\\raw\\landsat\\2021\\08\\landsat_composite_bengaluru_202108.tif', 'C:\\Users\\cyber\\OneDrive\\Documents\\sentient\\data\\raw\\landsat\\2021\\12\\landsat_composite_bengaluru_202112.tif']","Landsat L2 monthly median composites from GEE (LC08+LC09, scale=60m)."
2026-02-25T17:27:33+00:00,nightlights,Bengaluru,2021-01-01,2021-12-31,77.45,12.8,77.75,13.1,EPSG:4326,"['C:\\Users\\cyber\\OneDrive\\Documents\\sentient\\data\\raw\\nightlights\\2021\\01\\viirs_monthly_bengaluru_202101.tif', 'C:\\Users\\cyber\\OneDrive\\Documents\\sentient\\data\\raw\\nightlights\\2021\\02\\viirs_monthly_bengaluru_202102.tif', 'C:\\Users\\cyber\\OneDrive\\Documents\\sentient\\data\\raw\\nightlights\\2021\\03\\viirs_monthly_bengaluru_202103.tif', 'C:\\Users\\cyber\\OneDrive\\Documents\\sentient\\data\\raw\\nightlights\\2021\\04\\viirs_monthly_bengaluru_202104.tif', 'C:\\Users\\cyber\\OneDrive\\Documents\\sentient\\data\\raw\\nightlights\\2021\\05\\viirs_monthly_bengaluru_202105.tif', 'C:\\Users\\cyber\\OneDrive\\Documents\\sentient\\data\\raw\\nightlights\\2021\\06\\viirs_monthly_bengaluru_202106.tif', 'C:\\Users\\cyber\\OneDrive\\Documents\\sentient\\data\\raw\\nightlights\\2021\\07\\viirs_monthly_bengaluru_202107.tif', 'C:\\Users\\cyber\\OneDrive\\Documents\\sentient\\data\\raw\\nightlights\\2021\\08\\viirs_monthly_bengaluru_202108.tif', 'C:\\Users\\cyber\\OneDrive\\Documents\\sentient\\data\\raw\\nightlights\\2021\\09\\viirs_monthly_bengaluru_202109.tif', 'C:\\Users\\cyber\\OneDrive\\Documents\\sentient\\data\\raw\\nightlights\\2021\\10\\viirs_monthly_bengaluru_202110.tif', 'C:\\Users\\cyber\\OneDrive\\Documents\\sentient\\data\\raw\\nightlights\\2021\\11\\viirs_monthly_bengaluru_202111.tif', 'C:\\Users\\cyber\\OneDrive\\Documents\\sentient\\data\\raw\\nightlights\\2021\\12\\viirs_monthly_bengaluru_202112.tif']",VIIRS monthly night-light composites from GEE (scale=500m).
2026-02-25T17:27:43+00:00,sentinel1,Bengaluru,2021-01-01,2021-12-31,77.45,12.8,77.75,13.1,EPSG:4326,"['C:\\Users\\cyber\\OneDrive\\Documents\\sentient\\data\\raw\\sentinel1\\2021\\01\\sentinel1_compact_bengaluru_202101.tif', 'C:\\Users\\cyber\\OneDrive\\Documents\\sentient\\data\\raw\\sentinel1\\2021\\02\\sentinel1_compact_bengaluru_202102.tif', 'C:\\Users\\cyber\\OneDrive\\Documents\\sentient\\data\\raw\\sentinel1\\2021\\03\\sentinel1_compact_bengaluru_202103.tif', 'C:\\Users\\cyber\\OneDrive\\Documents\\sentient\\data\\raw\\sentinel1\\2021\\04\\sentinel1_compact_bengaluru_202104.tif', 'C:\\Users\\cyber\\OneDrive\\Documents\\sentient\\data\\raw\\sentinel1\\2021\\05\\sentinel1_compact_bengaluru_202105.tif', 'C:\\Users\\cyber\\OneDrive\\Documents\\sentient\\data\\raw\\sentinel1\\2021\\06\\sentinel1_compact_bengaluru_202106.tif', 'C:\\Users\\cyber\\OneDrive\\Documents\\sentient\\data\\raw\\sentinel1\\2021\\07\\sentinel1_compact_bengaluru_202107.tif', 'C:\\Users\\cyber\\OneDrive\\Documents\\sentient\\data\\raw\\sentinel1\\2021\\08\\sentinel1_compact_bengaluru_202108.tif', 'C:\\Users\\cyber\\OneDrive\\Documents\\sentient\\data\\raw\\sentinel1\\2021\\09\\sentinel1_compact_bengaluru_202109.tif', 'C:\\Users\\cyber\\OneDrive\\Documents\\sentient\\data\\raw\\sentinel1\\2021\\10\\sentinel1_compact_bengaluru_202110.tif', 'C:\\Users\\cyber\\OneDrive\\Documents\\sentient\\data\\raw\\sentinel1\\2021\\11\\sentinel1_compact_bengaluru_202111.tif', 'C:\\Users\\cyber\\OneDrive\\Documents\\sentient\\data\\raw\\sentinel1\\2021\\12\\sentinel1_compact_bengaluru_202112.tif']",Compact Sentinel-1 VV monthly median composites from GEE (scale=20m).
2026-02-25T17:27:48+00:00,population,Bengaluru,2021-01-01,2021-12-31,77.45,12.8,77.75,13.1,EPSG:4326,[],WorldPop population rasters from GEE (scale=100m).
2026-02-25T17:28:50+00:00,sentinel1,Bengaluru,2022-01-01,2022-12-31,77.45,12.8,77.75,13.1,EPSG:4326,"['C:\\Users\\cyber\\OneDrive\\Documents\\sentient\\data\\raw\\sentinel1\\2022\\01\\sentinel1_compact_bengaluru_202201.tif', 'C:\\Users\\cyber\\OneDrive\\Documents\\sentient\\data\\raw\\sentinel1\\2022\\02\\sentinel1_compact_bengaluru_202202.tif', 'C:\\Users\\cyber\\OneDrive\\Documents\\sentient\\data\\raw\\sentinel1\\2022\\03\\sentinel1_compact_bengaluru_202203.tif', 'C:\\Users\\cyber\\OneDrive\\Documents\\sentient\\data\\raw\\sentinel1\\2022\\04\\sentinel1_compact_bengaluru_202204.tif', 'C:\\Users\\cyber\\OneDrive\\Documents\\sentient\\data\\raw\\sentinel1\\2022\\05\\sentinel1_compact_bengaluru_202205.tif', 'C:\\Users\\cyber\\OneDrive\\Documents\\sentient\\data\\raw\\sentinel1\\2022\\06\\sentinel1_compact_bengaluru_202206.tif', 'C:\\Users\\cyber\\OneDrive\\Documents\\sentient\\data\\raw\\sentinel1\\2022\\07\\sentinel1_compact_bengaluru_202207.tif', 'C:\\Users\\cyber\\OneDrive\\Documents\\sentient\\data\\raw\\sentinel1\\2022\\08\\sentinel1_compact_bengaluru_202208.tif', 'C:\\Users\\cyber\\OneDrive\\Documents\\sentient\\data\\raw\\sentinel1\\2022\\09\\sentinel1_compact_bengaluru_202209.tif', 'C:\\Users\\cyber\\OneDrive\\Documents\\sentient\\data\\raw\\sentinel1\\2022\\10\\sentinel1_compact_bengaluru_202210.tif', 'C:\\Users\\cyber\\OneDrive\\Documents\\sentient\\data\\raw\\sentinel1\\2022\\11\\sentinel1_compact_bengaluru_202211.tif', 'C:\\Users\\cyber\\OneDrive\\Documents\\sentient\\data\\raw\\sentinel1\\2022\\12\\sentinel1_compact_bengaluru_202212.tif']",Compact Sentinel-1 VV monthly median composites from GEE (scale=20m).
2026-02-25T17:29:02+00:00,sentinel2,Bengaluru,2021-01-01,2021-12-31,77.45,12.8,77.75,13.1,EPSG:4326,"['C:\\Users\\cyber\\OneDrive\\Documents\\sentient\\data\\raw\\sentinel2\\2021\\01\\sentinel2_compact_bengaluru_202101.tif', 'C:\\Users\\cyber\\OneDrive\\Documents\\sentient\\data\\raw\\sentinel2\\2021\\02\\sentinel2_compact_bengaluru_202102.tif', 'C:\\Users\\cyber\\OneDrive\\Documents\\sentient\\data\\raw\\sentinel2\\2021\\03\\sentinel2_compact_bengaluru_202103.tif', 'C:\\Users\\cyber\\OneDrive\\Documents\\sentient\\data\\raw\\sentinel2\\2021\\04\\sentinel2_compact_bengaluru_202104.tif', 'C:\\Users\\cyber\\OneDrive\\Documents\\sentient\\data\\raw\\sentinel2\\2021\\05\\sentinel2_compact_bengaluru_202105.tif', 'C:\\Users\\cyber\\OneDrive\\Documents\\sentient\\data\\raw\\sentinel2\\2021\\06\\sentinel2_compact_bengaluru_202106.tif', 'C:\\Users\\cyber\\OneDrive\\Documents\\sentient\\data\\raw\\sentinel2\\2021\\12\\sentinel2_compact_bengaluru_202112.tif']","Compact Sentinel-2 monthly median composites from GEE (max_cloud=40, scale=30m)."
2026-02-25T17:29:29+00:00,landsat,Bengaluru,2021-01-01,2021-12-31,77.45,12.8,77.75,13.1,EPSG:4326,"['C:\\Users\\cyber\\OneDrive\\Documents\\sentient\\data\\raw\\landsat\\2021\\01\\landsat_composite_bengaluru_202101.tif', 'C:\\Users\\cyber\\OneDrive\\Documents\\sentient\\data\\raw\\landsat\\2021\\02\\landsat_composite_bengaluru_202102.tif', 'C:\\Users\\cyber\\OneDrive\\Documents\\sentient\\data\\raw\\landsat\\2021\\03\\landsat_composite_bengaluru_202103.tif', 'C:\\Users\\cyber\\OneDrive\\Documents\\sentient\\data\\raw\\landsat\\2021\\04\\landsat_composite_bengaluru_202104.tif', 'C:\\Users\\cyber\\OneDrive\\Documents\\sentient\\data\\raw\\landsat\\2021\\05\\landsat_composite_bengaluru_202105.tif', 'C:\\Users\\cyber\\OneDrive\\Documents\\sentient\\data\\raw\\landsat\\2021\\08\\landsat_composite_bengaluru_202108.tif', 'C:\\Users\\cyber\\OneDrive\\Documents\\sentient\\data\\raw\\landsat\\2021\\12\\landsat_composite_bengaluru_202112.tif']","Landsat L2 monthly median composites from GEE (LC08+LC09, scale=30m)."
2026-02-25T17:29:52+00:00,nightlights,Bengaluru,2021-01-01,2021-12-31,77.45,12.8,77.75,13.1,EPSG:4326,"['C:\\Users\\cyber\\OneDrive\\Documents\\sentient\\data\\raw\\nightlights\\2021\\01\\viirs_monthly_bengaluru_202101.tif', 'C:\\Users\\cyber\\OneDrive\\Documents\\sentient\\data\\raw\\nightlights\\2021\\02\\viirs_monthly_bengaluru_202102.tif', 'C:\\Users\\cyber\\OneDrive\\Documents\\sentient\\data\\raw\\nightlights\\2021\\03\\viirs_monthly_bengaluru_202103.tif', 'C:\\Users\\cyber\\OneDrive\\Documents\\sentient\\data\\raw\\nightlights\\2021\\04\\viirs_monthly_bengaluru_202104.tif', 'C:\\Users\\cyber\\OneDrive\\Documents\\sentient\\data\\raw\\nightlights\\2021\\05\\viirs_monthly_bengaluru_202105.tif', 'C:\\Users\\cyber\\OneDrive\\Documents\\sentient\\data\\raw\\nightlights\\2021\\06\\viirs_monthly_bengaluru_202106.tif', 'C:\\Users\\cyber\\OneDrive\\Documents\\sentient\\data\\raw\\nightlights\\2021\\07\\viirs_monthly_bengaluru_202107.tif', 'C:\\Users\\cyber\\OneDrive\\Documents\\sentient\\data\\raw\\nightlights\\2021\\08\\viirs_monthly_bengaluru_202108.tif', 'C:\\Users\\cyber\\OneDrive\\Documents\\sentient\\data\\raw\\nightlights\\2021\\09\\viirs_monthly_bengaluru_202109.tif', 'C:\\Users\\cyber\\OneDrive\\Documents\\sentient\\data\\raw\\nightlights\\2021\\10\\viirs_monthly_bengaluru_202110.tif', 'C:\\Users\\cyber\\OneDrive\\Documents\\sentient\\data\\raw\\nightlights\\2021\\11\\viirs_monthly_bengaluru_202111.tif', 'C:\\Users\\cyber\\OneDrive\\Documents\\sentient\\data\\raw\\nightlights\\2021\\12\\viirs_monthly_bengaluru_202112.tif']",VIIRS monthly night-light composites from GEE (scale=500m).
2026-02-25T17:30:01+00:00,population,Bengaluru,2021-01-01,2021-12-31,77.45,12.8,77.75,13.1,EPSG:4326,[],WorldPop population rasters from GEE (scale=100m).
2026-02-25T17:30:25+00:00,sentinel2,Bengaluru,2022-01-01,2022-12-31,77.45,12.8,77.75,13.1,EPSG:4326,"['C:\\Users\\cyber\\OneDrive\\Documents\\sentient\\data\\raw\\sentinel2\\2022\\01\\sentinel2_compact_bengaluru_202201.tif', 'C:\\Users\\cyber\\OneDrive\\Documents\\sentient\\data\\raw\\sentinel2\\2022\\02\\sentinel2_compact_bengaluru_202202.tif', 'C:\\Users\\cyber\\OneDrive\\Documents\\sentient\\data\\raw\\sentinel2\\2022\\03\\sentinel2_compact_bengaluru_202203.tif', 'C:\\Users\\cyber\\OneDrive\\Documents\\sentient\\data\\raw\\sentinel2\\2022\\04\\sentinel2_compact_bengaluru_202204.tif', 'C:\\Users\\cyber\\OneDrive\\Documents\\sentient\\data\\raw\\sentinel2\\2022\\05\\sentinel2_compact_bengaluru_202205.tif', 'C:\\Users\\cyber\\OneDrive\\Documents\\sentient\\data\\raw\\sentinel2\\2022\\08\\sentinel2_compact_bengaluru_202208.tif', 'C:\\Users\\cyber\\OneDrive\\Documents\\sentient\\data\\raw\\sentinel2\\2022\\09\\sentinel2_compact_bengaluru_202209.tif', 'C:\\Users\\cyber\\OneDrive\\Documents\\sentient\\data\\raw\\sentinel2\\2022\\10\\sentinel2_compact_bengaluru_202210.tif', 'C:\\Users\\cyber\\OneDrive\\Documents\\sentient\\data\\raw\\sentinel2\\2022\\11\\sentinel2_compact_bengaluru_202211.tif', 'C:\\Users\\cyber\\OneDrive\\Documents\\sentient\\data\\raw\\sentinel2\\2022\\12\\sentinel2_compact_bengaluru_202212.tif']","Compact Sentinel-2 monthly median composites from GEE (max_cloud=40, scale=30m)."
2026-02-25T17:30:29+00:00,sentinel1,Bengaluru,2022-01-01,2022-12-31,77.45,12.8,77.75,13.1,EPSG:4326,"['C:\\Users\\cyber\\OneDrive\\Documents\\sentient\\data\\raw\\sentinel1\\2022\\01\\sentinel1_compact_bengaluru_202201.tif', 'C:\\Users\\cyber\\OneDrive\\Documents\\sentient\\data\\raw\\sentinel1\\2022\\02\\sentinel1_compact_bengaluru_202202.tif', 'C:\\Users\\cyber\\OneDrive\\Documents\\sentient\\data\\raw\\sentinel1\\2022\\03\\sentinel1_compact_bengaluru_202203.tif', 'C:\\Users\\cyber\\OneDrive\\Documents\\sentient\\data\\raw\\sentinel1\\2022\\04\\sentinel1_compact_bengaluru_202204.tif', 'C:\\Users\\cyber\\OneDrive\\Documents\\sentient\\data\\raw\\sentinel1\\2022\\05\\sentinel1_compact_bengaluru_202205.tif', 'C:\\Users\\cyber\\OneDrive\\Documents\\sentient\\data\\raw\\sentinel1\\2022\\06\\sentinel1_compact_bengaluru_202206.tif', 'C:\\Users\\cyber\\OneDrive\\Documents\\sentient\\data\\raw\\sentinel1\\2022\\07\\sentinel1_compact_bengaluru_202207.tif', 'C:\\Users\\cyber\\OneDrive\\Documents\\sentient\\data\\raw\\sentinel1\\2022\\08\\sentinel1_compact_bengaluru_202208.tif', 'C:\\Users\\cyber\\OneDrive\\Documents\\sentient\\data\\raw\\sentinel1\\2022\\09\\sentinel1_compact_bengaluru_202209.tif', 'C:\\Users\\cyber\\OneDrive\\Documents\\sentient\\data\\raw\\sentinel1\\2022\\10\\sentinel1_compact_bengaluru_202210.tif', 'C:\\Users\\cyber\\OneDrive\\Documents\\sentient\\data\\raw\\sentinel1\\2022\\11\\sentinel1_compact_bengaluru_202211.tif', 'C:\\Users\\cyber\\OneDrive\\Documents\\sentient\\data\\raw\\sentinel1\\2022\\12\\sentinel1_compact_bengaluru_202212.tif']",Compact Sentinel-1 VV monthly median composites from GEE (scale=20m).
2026-02-25T17:31:26+00:00,landsat,Bengaluru,2022-01-01,2022-12-31,77.45,12.8,77.75,13.1,EPSG:4326,"['C:\\Users\\cyber\\OneDrive\\Documents\\sentient\\data\\raw\\landsat\\2022\\01\\landsat_composite_bengaluru_202201.tif', 'C:\\Users\\cyber\\OneDrive\\Documents\\sentient\\data\\raw\\landsat\\2022\\02\\landsat_composite_bengaluru_202202.tif', 'C:\\Users\\cyber\\OneDrive\\Documents\\sentient\\data\\raw\\landsat\\2022\\03\\landsat_composite_bengaluru_202203.tif', 'C:\\Users\\cyber\\OneDrive\\Documents\\sentient\\data\\raw\\landsat\\2022\\04\\landsat_composite_bengaluru_202204.tif', 'C:\\Users\\cyber\\OneDrive\\Documents\\sentient\\data\\raw\\landsat\\2022\\05\\landsat_composite_bengaluru_202205.tif', 'C:\\Users\\cyber\\OneDrive\\Documents\\sentient\\data\\raw\\landsat\\2022\\06\\landsat_composite_bengaluru_202206.tif', 'C:\\Users\\cyber\\OneDrive\\Documents\\sentient\\data\\raw\\landsat\\2022\\09\\landsat_composite_bengaluru_202209.tif', 'C:\\Users\\cyber\\OneDrive\\Documents\\sentient\\data\\raw\\landsat\\2022\\10\\landsat_composite_bengaluru_202210.tif', 'C:\\Users\\cyber\\OneDrive\\Documents\\sentient\\data\\raw\\landsat\\2022\\11\\landsat_composite_bengaluru_202211.tif', 'C:\\Users\\cyber\\OneDrive\\Documents\\sentient\\data\\raw\\landsat\\2022\\12\\landsat_composite_bengaluru_202212.tif']","Landsat L2 monthly median composites from GEE (LC08+LC09, scale=60m)."
2026-02-25T17:32:28+00:00,sentinel2,Bengaluru,2022-01-01,2022-12-31,77.45,12.8,77.75,13.1,EPSG:4326,"['C:\\Users\\cyber\\OneDrive\\Documents\\sentient\\data\\raw\\sentinel2\\2022\\01\\sentinel2_compact_bengaluru_202201.tif', 'C:\\Users\\cyber\\OneDrive\\Documents\\sentient\\data\\raw\\sentinel2\\2022\\02\\sentinel2_compact_bengaluru_202202.tif', 'C:\\Users\\cyber\\OneDrive\\Documents\\sentient\\data\\raw\\sentinel2\\2022\\03\\sentinel2_compact_bengaluru_202203.tif', 'C:\\Users\\cyber\\OneDrive\\Documents\\sentient\\data\\raw\\sentinel2\\2022\\04\\sentinel2_compact_bengaluru_202204.tif', 'C:\\Users\\cyber\\OneDrive\\Documents\\sentient\\data\\raw\\sentinel2\\2022\\05\\sentinel2_compact_bengaluru_202205.tif', 'C:\\Users\\cyber\\OneDrive\\Documents\\sentient\\data\\raw\\sentinel2\\2022\\08\\sentinel2_compact_bengaluru_202208.tif', 'C:\\Users\\cyber\\OneDrive\\Documents\\sentient\\data\\raw\\sentinel2\\2022\\09\\sentinel2_compact_bengaluru_202209.tif', 'C:\\Users\\cyber\\OneDrive\\Documents\\sentient\\data\\raw\\sentinel2\\2022\\10\\sentinel2_compact_bengaluru_202210.tif', 'C:\\Users\\cyber\\OneDrive\\Documents\\sentient\\data\\raw\\sentinel2\\2022\\11\\sentinel2_compact_bengaluru_202211.tif', 'C:\\Users\\cyber\\OneDrive\\Documents\\sentient\\data\\raw\\sentinel2\\2022\\12\\sentinel2_compact_bengaluru_202212.tif']","Compact Sentinel-2 monthly median composites from GEE (max_cloud=40, scale=30m)."
2026-02-25T17:32:31+00:00,nightlights,Bengaluru,2022-01-01,2022-12-31,77.45,12.8,77.75,13.1,EPSG:4326,"['C:\\Users\\cyber\\OneDrive\\Documents\\sentient\\data\\raw\\nightlights\\2022\\01\\viirs_monthly_bengaluru_202201.tif', 'C:\\Users\\cyber\\OneDrive\\Documents\\sentient\\data\\raw\\nightlights\\2022\\02\\viirs_monthly_bengaluru_202202.tif', 'C:\\Users\\cyber\\OneDrive\\Documents\\sentient\\data\\raw\\nightlights\\2022\\03\\viirs_monthly_bengaluru_202203.tif', 'C:\\Users\\cyber\\OneDrive\\Documents\\sentient\\data\\raw\\nightlights\\2022\\04\\viirs_monthly_bengaluru_202204.tif', 'C:\\Users\\cyber\\OneDrive\\Documents\\sentient\\data\\raw\\nightlights\\2022\\05\\viirs_monthly_bengaluru_202205.tif', 'C:\\Users\\cyber\\OneDrive\\Documents\\sentient\\data\\raw\\nightlights\\2022\\06\\viirs_monthly_bengaluru_202206.tif', 'C:\\Users\\cyber\\OneDrive\\Documents\\sentient\\data\\raw\\nightlights\\2022\\07\\viirs_monthly_bengaluru_202207.tif', 'C:\\Users\\cyber\\OneDrive\\Documents\\sentient\\data\\raw\\nightlights\\2022\\08\\viirs_monthly_bengaluru_202208.tif', 'C:\\Users\\cyber\\OneDrive\\Documents\\sentient\\data\\raw\\nightlights\\2022\\09\\viirs_monthly_bengaluru_202209.tif', 'C:\\Users\\cyber\\OneDrive\\Documents\\sentient\\data\\raw\\nightlights\\2022\\10\\viirs_monthly_bengaluru_202210.tif', 'C:\\Users\\cyber\\OneDrive\\Documents\\sentient\\data\\raw\\nightlights\\2022\\11\\viirs_monthly_bengaluru_202211.tif', 'C:\\Users\\cyber\\OneDrive\\Documents\\sentient\\data\\raw\\nightlights\\2022\\12\\viirs_monthly_bengaluru_202212.tif']",VIIRS monthly night-light composites from GEE (scale=500m).
2026-02-25T17:32:40+00:00,population,Bengaluru,2022-01-01,2022-12-31,77.45,12.8,77.75,13.1,EPSG:4326,[],WorldPop population rasters from GEE (scale=100m).
2026-02-25T17:32:50+00:00,landsat,Bengaluru,2022-01-01,2022-12-31,77.45,12.8,77.75,13.1,EPSG:4326,"['C:\\Users\\cyber\\OneDrive\\Documents\\sentient\\data\\raw\\landsat\\2022\\01\\landsat_composite_bengaluru_202201.tif', 'C:\\Users\\cyber\\OneDrive\\Documents\\sentient\\data\\raw\\landsat\\2022\\02\\landsat_composite_bengaluru_202202.tif', 'C:\\Users\\cyber\\OneDrive\\Documents\\sentient\\data\\raw\\landsat\\2022\\03\\landsat_composite_bengaluru_202203.tif', 'C:\\Users\\cyber\\OneDrive\\Documents\\sentient\\data\\raw\\landsat\\2022\\04\\landsat_composite_bengaluru_202204.tif', 'C:\\Users\\cyber\\OneDrive\\Documents\\sentient\\data\\raw\\landsat\\2022\\05\\landsat_composite_bengaluru_202205.tif', 'C:\\Users\\cyber\\OneDrive\\Documents\\sentient\\data\\raw\\landsat\\2022\\06\\landsat_composite_bengaluru_202206.tif', 'C:\\Users\\cyber\\OneDrive\\Documents\\sentient\\data\\raw\\landsat\\2022\\09\\landsat_composite_bengaluru_202209.tif', 'C:\\Users\\cyber\\OneDrive\\Documents\\sentient\\data\\raw\\landsat\\2022\\10\\landsat_composite_bengaluru_202210.tif', 'C:\\Users\\cyber\\OneDrive\\Documents\\sentient\\data\\raw\\landsat\\2022\\11\\landsat_composite_bengaluru_202211.tif', 'C:\\Users\\cyber\\OneDrive\\Documents\\sentient\\data\\raw\\landsat\\2022\\12\\landsat_composite_bengaluru_202212.tif']","Landsat L2 monthly median composites from GEE (LC08+LC09, scale=30m)."
2026-02-25T17:33:15+00:00,nightlights,Bengaluru,2022-01-01,2022-12-31,77.45,12.8,77.75,13.1,EPSG:4326,"['C:\\Users\\cyber\\OneDrive\\Documents\\sentient\\data\\raw\\nightlights\\2022\\01\\viirs_monthly_bengaluru_202201.tif', 'C:\\Users\\cyber\\OneDrive\\Documents\\sentient\\data\\raw\\nightlights\\2022\\02\\viirs_monthly_bengaluru_202202.tif', 'C:\\Users\\cyber\\OneDrive\\Documents\\sentient\\data\\raw\\nightlights\\2022\\03\\viirs_monthly_bengaluru_202203.tif', 'C:\\Users\\cyber\\OneDrive\\Documents\\sentient\\data\\raw\\nightlights\\2022\\04\\viirs_monthly_bengaluru_202204.tif', 'C:\\Users\\cyber\\OneDrive\\Documents\\sentient\\data\\raw\\nightlights\\2022\\05\\viirs_monthly_bengaluru_202205.tif', 'C:\\Users\\cyber\\OneDrive\\Documents\\sentient\\data\\raw\\nightlights\\2022\\06\\viirs_monthly_bengaluru_202206.tif', 'C:\\Users\\cyber\\OneDrive\\Documents\\sentient\\data\\raw\\nightlights\\2022\\07\\viirs_monthly_bengaluru_202207.tif', 'C:\\Users\\cyber\\OneDrive\\Documents\\sentient\\data\\raw\\nightlights\\2022\\08\\viirs_monthly_bengaluru_202208.tif', 'C:\\Users\\cyber\\OneDrive\\Documents\\sentient\\data\\raw\\nightlights\\2022\\09\\viirs_monthly_bengaluru_202209.tif', 'C:\\Users\\cyber\\OneDrive\\Documents\\sentient\\data\\raw\\nightlights\\2022\\10\\viirs_monthly_bengaluru_202210.tif', 'C:\\Users\\cyber\\OneDrive\\Documents\\sentient\\data\\raw\\nightlights\\2022\\11\\viirs_monthly_bengaluru_202211.tif', 'C:\\Users\\cyber\\OneDrive\\Documents\\sentient\\data\\raw\\nightlights\\2022\\12\\viirs_monthly_bengaluru_202212.tif']",VIIRS monthly night-light composites from GEE (scale=500m).
2026-02-25T17:33:27+00:00,population,Bengaluru,2022-01-01,2022-12-31,77.45,12.8,77.75,13.1,EPSG:4326,[],WorldPop population rasters from GEE (scale=100m).
2026-02-25T17:35:36+00:00,sentinel1,Bengaluru,2023-01-01,2023-12-31,77.45,12.8,77.75,13.1,EPSG:4326,"['C:\\Users\\cyber\\OneDrive\\Documents\\sentient\\data\\raw\\sentinel1\\2023\\01\\sentinel1_compact_bengaluru_202301.tif', 'C:\\Users\\cyber\\OneDrive\\Documents\\sentient\\data\\raw\\sentinel1\\2023\\02\\sentinel1_compact_bengaluru_202302.tif', 'C:\\Users\\cyber\\OneDrive\\Documents\\sentient\\data\\raw\\sentinel1\\2023\\03\\sentinel1_compact_bengaluru_202303.tif', 'C:\\Users\\cyber\\OneDrive\\Documents\\sentient\\data\\raw\\sentinel1\\2023\\04\\sentinel1_compact_bengaluru_202304.tif', 'C:\\Users\\cyber\\OneDrive\\Documents\\sentient\\data\\raw\\sentinel1\\2023\\05\\sentinel1_compact_bengaluru_202305.tif', 'C:\\Users\\cyber\\OneDrive\\Documents\\sentient\\data\\raw\\sentinel1\\2023\\06\\sentinel1_compact_bengaluru_202306.tif', 'C:\\Users\\cyber\\OneDrive\\Documents\\sentient\\data\\raw\\sentinel1\\2023\\07\\sentinel1_compact_bengaluru_202307.tif', 'C:\\Users\\cyber\\OneDrive\\Documents\\sentient\\data\\raw\\sentinel1\\2023\\08\\sentinel1_compact_bengaluru_202308.tif', 'C:\\Users\\cyber\\OneDrive\\Documents\\sentient\\data\\raw\\sentinel1\\2023\\09\\sentinel1_compact_bengaluru_202309.tif', 'C:\\Users\\cyber\\OneDrive\\Documents\\sentient\\data\\raw\\sentinel1\\2023\\10\\sentinel1_compact_bengaluru_202310.tif', 'C:\\Users\\cyber\\OneDrive\\Documents\\sentient\\data\\raw\\sentinel1\\2023\\11\\sentinel1_compact_bengaluru_202311.tif', 'C:\\Users\\cyber\\OneDrive\\Documents\\sentient\\data\\raw\\sentinel1\\2023\\12\\sentinel1_compact_bengaluru_202312.tif']",Compact Sentinel-1 VV monthly median composites from GEE (scale=20m).
2026-02-25T17:35:36+00:00,sentinel1,Bengaluru,2023-01-01,2023-12-31,77.45,12.8,77.75,13.1,EPSG:4326,"['C:\\Users\\cyber\\OneDrive\\Documents\\sentient\\data\\raw\\sentinel1\\2023\\01\\sentinel1_compact_bengaluru_202301.tif', 'C:\\Users\\cyber\\OneDrive\\Documents\\sentient\\data\\raw\\sentinel1\\2023\\02\\sentinel1_compact_bengaluru_202302.tif', 'C:\\Users\\cyber\\OneDrive\\Documents\\sentient\\data\\raw\\sentinel1\\2023\\03\\sentinel1_compact_bengaluru_202303.tif', 'C:\\Users\\cyber\\OneDrive\\Documents\\sentient\\data\\raw\\sentinel1\\2023\\04\\sentinel1_compact_bengaluru_202304.tif', 'C:\\Users\\cyber\\OneDrive\\Documents\\sentient\\data\\raw\\sentinel1\\2023\\05\\sentinel1_compact_bengaluru_202305.tif', 'C:\\Users\\cyber\\OneDrive\\Documents\\sentient\\data\\raw\\sentinel1\\2023\\06\\sentinel1_compact_bengaluru_202306.tif', 'C:\\Users\\cyber\\OneDrive\\Documents\\sentient\\data\\raw\\sentinel1\\2023\\07\\sentinel1_compact_bengaluru_202307.tif', 'C:\\Users\\cyber\\OneDrive\\Documents\\sentient\\data\\raw\\sentinel1\\2023\\08\\sentinel1_compact_bengaluru_202308.tif', 'C:\\Users\\cyber\\OneDrive\\Documents\\sentient\\data\\raw\\sentinel1\\2023\\09\\sentinel1_compact_bengaluru_202309.tif', 'C:\\Users\\cyber\\OneDrive\\Documents\\sentient\\data\\raw\\sentinel1\\2023\\10\\sentinel1_compact_bengaluru_202310.tif', 'C:\\Users\\cyber\\OneDrive\\Documents\\sentient\\data\\raw\\sentinel1\\2023\\11\\sentinel1_compact_bengaluru_202311.tif', 'C:\\Users\\cyber\\OneDrive\\Documents\\sentient\\data\\raw\\sentinel1\\2023\\12\\sentinel1_compact_bengaluru_202312.tif']",Compact Sentinel-1 VV monthly median composites from GEE (scale=20m).
2026-02-25T17:49:06+00:00,sentinel2,Bengaluru,2023-01-01,2023-12-31,77.45,12.8,77.75,13.1,EPSG:4326,"['C:\\Users\\cyber\\OneDrive\\Documents\\sentient\\data\\raw\\sentinel2\\2023\\01\\sentinel2_compact_bengaluru_202301.tif', 'C:\\Users\\cyber\\OneDrive\\Documents\\sentient\\data\\raw\\sentinel2\\2023\\02\\sentinel2_compact_bengaluru_202302.tif', 'C:\\Users\\cyber\\OneDrive\\Documents\\sentient\\data\\raw\\sentinel2\\2023\\03\\sentinel2_compact_bengaluru_202303.tif', 'C:\\Users\\cyber\\OneDrive\\Documents\\sentient\\data\\raw\\sentinel2\\2023\\04\\sentinel2_compact_bengaluru_202304.tif', 'C:\\Users\\cyber\\OneDrive\\Documents\\sentient\\data\\raw\\sentinel2\\2023\\05\\sentinel2_compact_bengaluru_202305.tif', 'C:\\Users\\cyber\\OneDrive\\Documents\\sentient\\data\\raw\\sentinel2\\2023\\08\\sentinel2_compact_bengaluru_202308.tif', 'C:\\Users\\cyber\\OneDrive\\Documents\\sentient\\data\\raw\\sentinel2\\2023\\10\\sentinel2_compact_bengaluru_202310.tif', 'C:\\Users\\cyber\\OneDrive\\Documents\\sentient\\data\\raw\\sentinel2\\2023\\11\\sentinel2_compact_bengaluru_202311.tif', 'C:\\Users\\cyber\\OneDrive\\Documents\\sentient\\data\\raw\\sentinel2\\2023\\12\\sentinel2_compact_bengaluru_202312.tif']","Compact Sentinel-2 monthly median composites from GEE (max_cloud=40, scale=30m)."
2026-02-25T17:53:46+00:00,landsat,Bengaluru,2023-01-01,2023-12-31,77.45,12.8,77.75,13.1,EPSG:4326,"['C:\\Users\\cyber\\OneDrive\\Documents\\sentient\\data\\raw\\landsat\\2023\\01\\landsat_composite_bengaluru_202301.tif', 'C:\\Users\\cyber\\OneDrive\\Documents\\sentient\\data\\raw\\landsat\\2023\\02\\landsat_composite_bengaluru_202302.tif', 'C:\\Users\\cyber\\OneDrive\\Documents\\sentient\\data\\raw\\landsat\\2023\\03\\landsat_composite_bengaluru_202303.tif', 'C:\\Users\\cyber\\OneDrive\\Documents\\sentient\\data\\raw\\landsat\\2023\\04\\landsat_composite_bengaluru_202304.tif', 'C:\\Users\\cyber\\OneDrive\\Documents\\sentient\\data\\raw\\landsat\\2023\\05\\landsat_composite_bengaluru_202305.tif', 'C:\\Users\\cyber\\OneDrive\\Documents\\sentient\\data\\raw\\landsat\\2023\\06\\landsat_composite_bengaluru_202306.tif', 'C:\\Users\\cyber\\OneDrive\\Documents\\sentient\\data\\raw\\landsat\\2023\\08\\landsat_composite_bengaluru_202308.tif', 'C:\\Users\\cyber\\OneDrive\\Documents\\sentient\\data\\raw\\landsat\\2023\\10\\landsat_composite_bengaluru_202310.tif', 'C:\\Users\\cyber\\OneDrive\\Documents\\sentient\\data\\raw\\landsat\\2023\\11\\landsat_composite_bengaluru_202311.tif', 'C:\\Users\\cyber\\OneDrive\\Documents\\sentient\\data\\raw\\landsat\\2023\\12\\landsat_composite_bengaluru_202312.tif']","Landsat L2 monthly median composites from GEE (LC08+LC09, scale=60m)."
2026-02-25T17:56:59+00:00,nightlights,Bengaluru,2023-01-01,2023-12-31,77.45,12.8,77.75,13.1,EPSG:4326,"['C:\\Users\\cyber\\OneDrive\\Documents\\sentient\\data\\raw\\nightlights\\2023\\01\\viirs_monthly_bengaluru_202301.tif', 'C:\\Users\\cyber\\OneDrive\\Documents\\sentient\\data\\raw\\nightlights\\2023\\02\\viirs_monthly_bengaluru_202302.tif', 'C:\\Users\\cyber\\OneDrive\\Documents\\sentient\\data\\raw\\nightlights\\2023\\03\\viirs_monthly_bengaluru_202303.tif', 'C:\\Users\\cyber\\OneDrive\\Documents\\sentient\\data\\raw\\nightlights\\2023\\04\\viirs_monthly_bengaluru_202304.tif', 'C:\\Users\\cyber\\OneDrive\\Documents\\sentient\\data\\raw\\nightlights\\2023\\05\\viirs_monthly_bengaluru_202305.tif', 'C:\\Users\\cyber\\OneDrive\\Documents\\sentient\\data\\raw\\nightlights\\2023\\06\\viirs_monthly_bengaluru_202306.tif', 'C:\\Users\\cyber\\OneDrive\\Documents\\sentient\\data\\raw\\nightlights\\2023\\07\\viirs_monthly_bengaluru_202307.tif', 'C:\\Users\\cyber\\OneDrive\\Documents\\sentient\\data\\raw\\nightlights\\2023\\08\\viirs_monthly_bengaluru_202308.tif', 'C:\\Users\\cyber\\OneDrive\\Documents\\sentient\\data\\raw\\nightlights\\2023\\09\\viirs_monthly_bengaluru_202309.tif', 'C:\\Users\\cyber\\OneDrive\\Documents\\sentient\\data\\raw\\nightlights\\2023\\10\\viirs_monthly_bengaluru_202310.tif', 'C:\\Users\\cyber\\OneDrive\\Documents\\sentient\\data\\raw\\nightlights\\2023\\11\\viirs_monthly_bengaluru_202311.tif', 'C:\\Users\\cyber\\OneDrive\\Documents\\sentient\\data\\raw\\nightlights\\2023\\12\\viirs_monthly_bengaluru_202312.tif']",VIIRS monthly night-light composites from GEE (scale=500m).
2026-02-25T17:57:40+00:00,population,Bengaluru,2023-01-01,2023-12-31,77.45,12.8,77.75,13.1,EPSG:4326,[],WorldPop population rasters from GEE (scale=100m).
2026-02-25T18:01:07+00:00,sentinel1,Bengaluru,2024-01-01,2024-12-31,77.45,12.8,77.75,13.1,EPSG:4326,"['C:\\Users\\cyber\\OneDrive\\Documents\\sentient\\data\\raw\\sentinel1\\2024\\01\\sentinel1_compact_bengaluru_202401.tif', 'C:\\Users\\cyber\\OneDrive\\Documents\\sentient\\data\\raw\\sentinel1\\2024\\02\\sentinel1_compact_bengaluru_202402.tif', 'C:\\Users\\cyber\\OneDrive\\Documents\\sentient\\data\\raw\\sentinel1\\2024\\03\\sentinel1_compact_bengaluru_202403.tif', 'C:\\Users\\cyber\\OneDrive\\Documents\\sentient\\data\\raw\\sentinel1\\2024\\04\\sentinel1_compact_bengaluru_202404.tif', 'C:\\Users\\cyber\\OneDrive\\Documents\\sentient\\data\\raw\\sentinel1\\2024\\05\\sentinel1_compact_bengaluru_202405.tif', 'C:\\Users\\cyber\\OneDrive\\Documents\\sentient\\data\\raw\\sentinel1\\2024\\06\\sentinel1_compact_bengaluru_202406.tif', 'C:\\Users\\cyber\\OneDrive\\Documents\\sentient\\data\\raw\\sentinel1\\2024\\07\\sentinel1_compact_bengaluru_202407.tif', 'C:\\Users\\cyber\\OneDrive\\Documents\\sentient\\data\\raw\\sentinel1\\2024\\08\\sentinel1_compact_bengaluru_202408.tif', 'C:\\Users\\cyber\\OneDrive\\Documents\\sentient\\data\\raw\\sentinel1\\2024\\09\\sentinel1_compact_bengaluru_202409.tif', 'C:\\Users\\cyber\\OneDrive\\Documents\\sentient\\data\\raw\\sentinel1\\2024\\10\\sentinel1_compact_bengaluru_202410.tif', 'C:\\Users\\cyber\\OneDrive\\Documents\\sentient\\data\\raw\\sentinel1\\2024\\11\\sentinel1_compact_bengaluru_202411.tif', 'C:\\Users\\cyber\\OneDrive\\Documents\\sentient\\data\\raw\\sentinel1\\2024\\12\\sentinel1_compact_bengaluru_202412.tif']",Compact Sentinel-1 VV monthly median composites from GEE (scale=20m).
2026-02-25T18:08:56+00:00,sentinel2,Bengaluru,2024-01-01,2024-12-31,77.45,12.8,77.75,13.1,EPSG:4326,"['C:\\Users\\cyber\\OneDrive\\Documents\\sentient\\data\\raw\\sentinel2\\2024\\01\\sentinel2_compact_bengaluru_202401.tif', 'C:\\Users\\cyber\\OneDrive\\Documents\\sentient\\data\\raw\\sentinel2\\2024\\02\\sentinel2_compact_bengaluru_202402.tif', 'C:\\Users\\cyber\\OneDrive\\Documents\\sentient\\data\\raw\\sentinel2\\2024\\03\\sentinel2_compact_bengaluru_202403.tif', 'C:\\Users\\cyber\\OneDrive\\Documents\\sentient\\data\\raw\\sentinel2\\2024\\04\\sentinel2_compact_bengaluru_202404.tif', 'C:\\Users\\cyber\\OneDrive\\Documents\\sentient\\data\\raw\\sentinel2\\2024\\05\\sentinel2_compact_bengaluru_202405.tif', 'C:\\Users\\cyber\\OneDrive\\Documents\\sentient\\data\\raw\\sentinel2\\2024\\06\\sentinel2_compact_bengaluru_202406.tif', 'C:\\Users\\cyber\\OneDrive\\Documents\\sentient\\data\\raw\\sentinel2\\2024\\09\\sentinel2_compact_bengaluru_202409.tif', 'C:\\Users\\cyber\\OneDrive\\Documents\\sentient\\data\\raw\\sentinel2\\2024\\10\\sentinel2_compact_bengaluru_202410.tif', 'C:\\Users\\cyber\\OneDrive\\Documents\\sentient\\data\\raw\\sentinel2\\2024\\11\\sentinel2_compact_bengaluru_202411.tif', 'C:\\Users\\cyber\\OneDrive\\Documents\\sentient\\data\\raw\\sentinel2\\2024\\12\\sentinel2_compact_bengaluru_202412.tif']","Compact Sentinel-2 monthly median composites from GEE (max_cloud=40, scale=30m)."
2026-02-25T18:11:34+00:00,landsat,Bengaluru,2024-01-01,2024-12-31,77.45,12.8,77.75,13.1,EPSG:4326,"['C:\\Users\\cyber\\OneDrive\\Documents\\sentient\\data\\raw\\landsat\\2024\\01\\landsat_composite_bengaluru_202401.tif', 'C:\\Users\\cyber\\OneDrive\\Documents\\sentient\\data\\raw\\landsat\\2024\\02\\landsat_composite_bengaluru_202402.tif', 'C:\\Users\\cyber\\OneDrive\\Documents\\sentient\\data\\raw\\landsat\\2024\\03\\landsat_composite_bengaluru_202403.tif', 'C:\\Users\\cyber\\OneDrive\\Documents\\sentient\\data\\raw\\landsat\\2024\\04\\landsat_composite_bengaluru_202404.tif', 'C:\\Users\\cyber\\OneDrive\\Documents\\sentient\\data\\raw\\landsat\\2024\\05\\landsat_composite_bengaluru_202405.tif', 'C:\\Users\\cyber\\OneDrive\\Documents\\sentient\\data\\raw\\landsat\\2024\\08\\landsat_composite_bengaluru_202408.tif', 'C:\\Users\\cyber\\OneDrive\\Documents\\sentient\\data\\raw\\landsat\\2024\\09\\landsat_composite_bengaluru_202409.tif', 'C:\\Users\\cyber\\OneDrive\\Documents\\sentient\\data\\raw\\landsat\\2024\\10\\landsat_composite_bengaluru_202410.tif', 'C:\\Users\\cyber\\OneDrive\\Documents\\sentient\\data\\raw\\landsat\\2024\\11\\landsat_composite_bengaluru_202411.tif', 'C:\\Users\\cyber\\OneDrive\\Documents\\sentient\\data\\raw\\landsat\\2024\\12\\landsat_composite_bengaluru_202412.tif']","Landsat L2 monthly median composites from GEE (LC08+LC09, scale=60m)."
2026-02-25T18:12:57+00:00,nightlights,Bengaluru,2024-01-01,2024-12-31,77.45,12.8,77.75,13.1,EPSG:4326,"['C:\\Users\\cyber\\OneDrive\\Documents\\sentient\\data\\raw\\nightlights\\2024\\01\\viirs_monthly_bengaluru_202401.tif', 'C:\\Users\\cyber\\OneDrive\\Documents\\sentient\\data\\raw\\nightlights\\2024\\02\\viirs_monthly_bengaluru_202402.tif', 'C:\\Users\\cyber\\OneDrive\\Documents\\sentient\\data\\raw\\nightlights\\2024\\03\\viirs_monthly_bengaluru_202403.tif', 'C:\\Users\\cyber\\OneDrive\\Documents\\sentient\\data\\raw\\nightlights\\2024\\04\\viirs_monthly_bengaluru_202404.tif', 'C:\\Users\\cyber\\OneDrive\\Documents\\sentient\\data\\raw\\nightlights\\2024\\05\\viirs_monthly_bengaluru_202405.tif', 'C:\\Users\\cyber\\OneDrive\\Documents\\sentient\\data\\raw\\nightlights\\2024\\06\\viirs_monthly_bengaluru_202406.tif', 'C:\\Users\\cyber\\OneDrive\\Documents\\sentient\\data\\raw\\nightlights\\2024\\07\\viirs_monthly_bengaluru_202407.tif', 'C:\\Users\\cyber\\OneDrive\\Documents\\sentient\\data\\raw\\nightlights\\2024\\08\\viirs_monthly_bengaluru_202408.tif', 'C:\\Users\\cyber\\OneDrive\\Documents\\sentient\\data\\raw\\nightlights\\2024\\09\\viirs_monthly_bengaluru_202409.tif', 'C:\\Users\\cyber\\OneDrive\\Documents\\sentient\\data\\raw\\nightlights\\2024\\10\\viirs_monthly_bengaluru_202410.tif', 'C:\\Users\\cyber\\OneDrive\\Documents\\sentient\\data\\raw\\nightlights\\2024\\11\\viirs_monthly_bengaluru_202411.tif', 'C:\\Users\\cyber\\OneDrive\\Documents\\sentient\\data\\raw\\nightlights\\2024\\12\\viirs_monthly_bengaluru_202412.tif']",VIIRS monthly night-light composites from GEE (scale=500m).
2026-02-25T18:13:19+00:00,population,Bengaluru,2024-01-01,2024-12-31,77.45,12.8,77.75,13.1,EPSG:4326,[],WorldPop population rasters from GEE (scale=100m).
2026-04-30T11:18:18+00:00,era5,Hyderabad,2020-01-01,2024-12-31,78.2,17.2,78.7,17.65,EPSG:4326,"['C:\\Users\\cyber\\OneDrive\\Documents\\sentient\\data\\raw\\era5\\2020\\01\\era5_hyderabad_202001.nc', 'C:\\Users\\cyber\\OneDrive\\Documents\\sentient\\data\\raw\\era5\\2020\\02\\era5_hyderabad_202002.nc', 'C:\\Users\\cyber\\OneDrive\\Documents\\sentient\\data\\raw\\era5\\2020\\03\\era5_hyderabad_202003.nc', 'C:\\Users\\cyber\\OneDrive\\Documents\\sentient\\data\\raw\\era5\\2020\\04\\era5_hyderabad_202004.nc', 'C:\\Users\\cyber\\OneDrive\\Documents\\sentient\\data\\raw\\era5\\2020\\05\\era5_hyderabad_202005.nc', 'C:\\Users\\cyber\\OneDrive\\Documents\\sentient\\data\\raw\\era5\\2020\\06\\era5_hyderabad_202006.nc', 'C:\\Users\\cyber\\OneDrive\\Documents\\sentient\\data\\raw\\era5\\2020\\07\\era5_hyderabad_202007.nc', 'C:\\Users\\cyber\\OneDrive\\Documents\\sentient\\data\\raw\\era5\\2020\\08\\era5_hyderabad_202008.nc', 'C:\\Users\\cyber\\OneDrive\\Documents\\sentient\\data\\raw\\era5\\2020\\09\\era5_hyderabad_202009.nc', 'C:\\Users\\cyber\\OneDrive\\Documents\\sentient\\data\\raw\\era5\\2020\\10\\era5_hyderabad_202010.nc', 'C:\\Users\\cyber\\OneDrive\\Documents\\sentient\\data\\raw\\era5\\2020\\11\\era5_hyderabad_202011.nc', 'C:\\Users\\cyber\\OneDrive\\Documents\\sentient\\data\\raw\\era5\\2020\\12\\era5_hyderabad_202012.nc', 'C:\\Users\\cyber\\OneDrive\\Documents\\sentient\\data\\raw\\era5\\2021\\01\\era5_hyderabad_202101.nc', 'C:\\Users\\cyber\\OneDrive\\Documents\\sentient\\data\\raw\\era5\\2021\\02\\era5_hyderabad_202102.nc', 'C:\\Users\\cyber\\OneDrive\\Documents\\sentient\\data\\raw\\era5\\2021\\03\\era5_hyderabad_202103.nc', 'C:\\Users\\cyber\\OneDrive\\Documents\\sentient\\data\\raw\\era5\\2021\\04\\era5_hyderabad_202104.nc', 'C:\\Users\\cyber\\OneDrive\\Documents\\sentient\\data\\raw\\era5\\2021\\05\\era5_hyderabad_202105.nc', 'C:\\Users\\cyber\\OneDrive\\Documents\\sentient\\data\\raw\\era5\\2021\\06\\era5_hyderabad_202106.nc', 'C:\\Users\\cyber\\OneDrive\\Documents\\sentient\\data\\raw\\era5\\2021\\07\\era5_hyderabad_202107.nc', 'C:\\Users\\cyber\\OneDrive\\Documents\\sentient\\data\\raw\\era5\\2021\\08\\era5_hyderabad_202108.nc', 'C:\\Users\\cyber\\OneDrive\\Documents\\sentient\\data\\raw\\era5\\2021\\09\\era5_hyderabad_202109.nc', 'C:\\Users\\cyber\\OneDrive\\Documents\\sentient\\data\\raw\\era5\\2021\\10\\era5_hyderabad_202110.nc', 'C:\\Users\\cyber\\OneDrive\\Documents\\sentient\\data\\raw\\era5\\2021\\11\\era5_hyderabad_202111.nc', 'C:\\Users\\cyber\\OneDrive\\Documents\\sentient\\data\\raw\\era5\\2021\\12\\era5_hyderabad_202112.nc', 'C:\\Users\\cyber\\OneDrive\\Documents\\sentient\\data\\raw\\era5\\2022\\01\\era5_hyderabad_202201.nc', 'C:\\Users\\cyber\\OneDrive\\Documents\\sentient\\data\\raw\\era5\\2022\\02\\era5_hyderabad_202202.nc', 'C:\\Users\\cyber\\OneDrive\\Documents\\sentient\\data\\raw\\era5\\2022\\03\\era5_hyderabad_202203.nc', 'C:\\Users\\cyber\\OneDrive\\Documents\\sentient\\data\\raw\\era5\\2022\\04\\era5_hyderabad_202204.nc', 'C:\\Users\\cyber\\OneDrive\\Documents\\sentient\\data\\raw\\era5\\2022\\05\\era5_hyderabad_202205.nc', 'C:\\Users\\cyber\\OneDrive\\Documents\\sentient\\data\\raw\\era5\\2022\\06\\era5_hyderabad_202206.nc', 'C:\\Users\\cyber\\OneDrive\\Documents\\sentient\\data\\raw\\era5\\2022\\07\\era5_hyderabad_202207.nc', 'C:\\Users\\cyber\\OneDrive\\Documents\\sentient\\data\\raw\\era5\\2022\\08\\era5_hyderabad_202208.nc', 'C:\\Users\\cyber\\OneDrive\\Documents\\sentient\\data\\raw\\era5\\2022\\09\\era5_hyderabad_202209.nc', 'C:\\Users\\cyber\\OneDrive\\Documents\\sentient\\data\\raw\\era5\\2022\\10\\era5_hyderabad_202210.nc', 'C:\\Users\\cyber\\OneDrive\\Documents\\sentient\\data\\raw\\era5\\2022\\11\\era5_hyderabad_202211.nc', 'C:\\Users\\cyber\\OneDrive\\Documents\\sentient\\data\\raw\\era5\\2022\\12\\era5_hyderabad_202212.nc', 'C:\\Users\\cyber\\OneDrive\\Documents\\sentient\\data\\raw\\era5\\2023\\01\\era5_hyderabad_202301.nc', 'C:\\Users\\cyber\\OneDrive\\Documents\\sentient\\data\\raw\\era5\\2023\\02\\era5_hyderabad_202302.nc', 'C:\\Users\\cyber\\OneDrive\\Documents\\sentient\\data\\raw\\era5\\2023\\03\\era5_hyderabad_202303.nc', 'C:\\Users\\cyber\\OneDrive\\Documents\\sentient\\data\\raw\\era5\\2023\\04\\era5_hyderabad_202304.nc', 'C:\\Users\\cyber\\OneDrive\\Documents\\sentient\\data\\raw\\era5\\2023\\05\\era5_hyderabad_202305.nc', 'C:\\Users\\cyber\\OneDrive\\Documents\\sentient\\data\\raw\\era5\\2023\\06\\era5_hyderabad_202306.nc', 'C:\\Users\\cyber\\OneDrive\\Documents\\sentient\\data\\raw\\era5\\2023\\07\\era5_hyderabad_202307.nc', 'C:\\Users\\cyber\\OneDrive\\Documents\\sentient\\data\\raw\\era5\\2023\\08\\era5_hyderabad_202308.nc', 'C:\\Users\\cyber\\OneDrive\\Documents\\sentient\\data\\raw\\era5\\2023\\09\\era5_hyderabad_202309.nc', 'C:\\Users\\cyber\\OneDrive\\Documents\\sentient\\data\\raw\\era5\\2023\\10\\era5_hyderabad_202310.nc', 'C:\\Users\\cyber\\OneDrive\\Documents\\sentient\\data\\raw\\era5\\2023\\11\\era5_hyderabad_202311.nc', 'C:\\Users\\cyber\\OneDrive\\Documents\\sentient\\data\\raw\\era5\\2023\\12\\era5_hyderabad_202312.nc', 'C:\\Users\\cyber\\OneDrive\\Documents\\sentient\\data\\raw\\era5\\2024\\01\\era5_hyderabad_202401.nc', 'C:\\Users\\cyber\\OneDrive\\Documents\\sentient\\data\\raw\\era5\\2024\\02\\era5_hyderabad_202402.nc', 'C:\\Users\\cyber\\OneDrive\\Documents\\sentient\\data\\raw\\era5\\2024\\03\\era5_hyderabad_202403.nc', 'C:\\Users\\cyber\\OneDrive\\Documents\\sentient\\data\\raw\\era5\\2024\\04\\era5_hyderabad_202404.nc', 'C:\\Users\\cyber\\OneDrive\\Documents\\sentient\\data\\raw\\era5\\2024\\05\\era5_hyderabad_202405.nc', 'C:\\Users\\cyber\\OneDrive\\Documents\\sentient\\data\\raw\\era5\\2024\\06\\era5_hyderabad_202406.nc', 'C:\\Users\\cyber\\OneDrive\\Documents\\sentient\\data\\raw\\era5\\2024\\07\\era5_hyderabad_202407.nc', 'C:\\Users\\cyber\\OneDrive\\Documents\\sentient\\data\\raw\\era5\\2024\\08\\era5_hyderabad_202408.nc', 'C:\\Users\\cyber\\OneDrive\\Documents\\sentient\\data\\raw\\era5\\2024\\09\\era5_hyderabad_202409.nc', 'C:\\Users\\cyber\\OneDrive\\Documents\\sentient\\data\\raw\\era5\\2024\\10\\era5_hyderabad_202410.nc', 'C:\\Users\\cyber\\OneDrive\\Documents\\sentient\\data\\raw\\era5\\2024\\11\\era5_hyderabad_202411.nc', 'C:\\Users\\cyber\\OneDrive\\Documents\\sentient\\data\\raw\\era5\\2024\\12\\era5_hyderabad_202412.nc']",ERA5 monthly means via CDS API.
2026-04-30T11:20:58+00:00,osm_roads,Hyderabad,2020-01-01,2024-12-31,78.2,17.2,78.7,17.65,EPSG:4326,['C:\\Users\\cyber\\OneDrive\\Documents\\sentient\\data\\raw\\osm\\2020\\01\\osm_roads_hyderabad_20260430T112039.json'],Raw OSM road network from Overpass API.
2026-04-30T11:21:41+00:00,osm_roads,Hyderabad,2020-01-01,2024-12-31,78.2,17.2,78.7,17.65,EPSG:4326,['C:\\Users\\cyber\\OneDrive\\Documents\\sentient\\data\\raw\\osm\\2020\\01\\osm_roads_hyderabad_20260430T112122.json'],Raw OSM road network from Overpass API.
2026-04-30T11:25:13+00:00,sentinel1,Hyderabad,2020-01-01,2020-12-31,78.2,17.2,78.7,17.65,EPSG:4326,"['C:\\Users\\cyber\\OneDrive\\Documents\\sentient\\data\\raw\\sentinel1\\2020\\01\\sentinel1_compact_hyderabad_202001.tif', 'C:\\Users\\cyber\\OneDrive\\Documents\\sentient\\data\\raw\\sentinel1\\2020\\02\\sentinel1_compact_hyderabad_202002.tif', 'C:\\Users\\cyber\\OneDrive\\Documents\\sentient\\data\\raw\\sentinel1\\2020\\03\\sentinel1_compact_hyderabad_202003.tif', 'C:\\Users\\cyber\\OneDrive\\Documents\\sentient\\data\\raw\\sentinel1\\2020\\04\\sentinel1_compact_hyderabad_202004.tif', 'C:\\Users\\cyber\\OneDrive\\Documents\\sentient\\data\\raw\\sentinel1\\2020\\05\\sentinel1_compact_hyderabad_202005.tif', 'C:\\Users\\cyber\\OneDrive\\Documents\\sentient\\data\\raw\\sentinel1\\2020\\06\\sentinel1_compact_hyderabad_202006.tif', 'C:\\Users\\cyber\\OneDrive\\Documents\\sentient\\data\\raw\\sentinel1\\2020\\07\\sentinel1_compact_hyderabad_202007.tif', 'C:\\Users\\cyber\\OneDrive\\Documents\\sentient\\data\\raw\\sentinel1\\2020\\08\\sentinel1_compact_hyderabad_202008.tif', 'C:\\Users\\cyber\\OneDrive\\Documents\\sentient\\data\\raw\\sentinel1\\2020\\09\\sentinel1_compact_hyderabad_202009.tif', 'C:\\Users\\cyber\\OneDrive\\Documents\\sentient\\data\\raw\\sentinel1\\2020\\10\\sentinel1_compact_hyderabad_202010.tif', 'C:\\Users\\cyber\\OneDrive\\Documents\\sentient\\data\\raw\\sentinel1\\2020\\11\\sentinel1_compact_hyderabad_202011.tif', 'C:\\Users\\cyber\\OneDrive\\Documents\\sentient\\data\\raw\\sentinel1\\2020\\12\\sentinel1_compact_hyderabad_202012.tif']",Compact Sentinel-1 VV monthly median composites from GEE (scale=20m).
2026-04-30T11:29:14+00:00,osm_roads,Hyderabad,2020-01-01,2024-12-31,78.2,17.2,78.7,17.65,EPSG:4326,['C:\\Users\\cyber\\OneDrive\\Documents\\sentient\\data\\raw\\osm\\2020\\01\\osm_roads_hyderabad_20260430T112851.json'],Raw OSM road network from Overpass API.
2026-04-30T11:29:32+00:00,sentinel1,Hyderabad,2020-01-01,2020-12-31,78.2,17.2,78.7,17.65,EPSG:4326,"['C:\\Users\\cyber\\OneDrive\\Documents\\sentient\\data\\raw\\sentinel1\\2020\\01\\sentinel1_compact_hyderabad_202001.tif', 'C:\\Users\\cyber\\OneDrive\\Documents\\sentient\\data\\raw\\sentinel1\\2020\\02\\sentinel1_compact_hyderabad_202002.tif', 'C:\\Users\\cyber\\OneDrive\\Documents\\sentient\\data\\raw\\sentinel1\\2020\\03\\sentinel1_compact_hyderabad_202003.tif', 'C:\\Users\\cyber\\OneDrive\\Documents\\sentient\\data\\raw\\sentinel1\\2020\\04\\sentinel1_compact_hyderabad_202004.tif', 'C:\\Users\\cyber\\OneDrive\\Documents\\sentient\\data\\raw\\sentinel1\\2020\\05\\sentinel1_compact_hyderabad_202005.tif', 'C:\\Users\\cyber\\OneDrive\\Documents\\sentient\\data\\raw\\sentinel1\\2020\\06\\sentinel1_compact_hyderabad_202006.tif', 'C:\\Users\\cyber\\OneDrive\\Documents\\sentient\\data\\raw\\sentinel1\\2020\\07\\sentinel1_compact_hyderabad_202007.tif', 'C:\\Users\\cyber\\OneDrive\\Documents\\sentient\\data\\raw\\sentinel1\\2020\\08\\sentinel1_compact_hyderabad_202008.tif', 'C:\\Users\\cyber\\OneDrive\\Documents\\sentient\\data\\raw\\sentinel1\\2020\\09\\sentinel1_compact_hyderabad_202009.tif', 'C:\\Users\\cyber\\OneDrive\\Documents\\sentient\\data\\raw\\sentinel1\\2020\\10\\sentinel1_compact_hyderabad_202010.tif', 'C:\\Users\\cyber\\OneDrive\\Documents\\sentient\\data\\raw\\sentinel1\\2020\\11\\sentinel1_compact_hyderabad_202011.tif', 'C:\\Users\\cyber\\OneDrive\\Documents\\sentient\\data\\raw\\sentinel1\\2020\\12\\sentinel1_compact_hyderabad_202012.tif']",Compact Sentinel-1 VV monthly median composites from GEE (scale=20m).
2026-04-30T11:41:25+00:00,sentinel2,Hyderabad,2020-01-01,2020-12-31,78.2,17.2,78.7,17.65,EPSG:4326,"['C:\\Users\\cyber\\OneDrive\\Documents\\sentient\\data\\raw\\sentinel2\\2020\\01\\sentinel2_compact_hyderabad_202001.tif', 'C:\\Users\\cyber\\OneDrive\\Documents\\sentient\\data\\raw\\sentinel2\\2020\\02\\sentinel2_compact_hyderabad_202002.tif', 'C:\\Users\\cyber\\OneDrive\\Documents\\sentient\\data\\raw\\sentinel2\\2020\\03\\sentinel2_compact_hyderabad_202003.tif', 'C:\\Users\\cyber\\OneDrive\\Documents\\sentient\\data\\raw\\sentinel2\\2020\\04\\sentinel2_compact_hyderabad_202004.tif', 'C:\\Users\\cyber\\OneDrive\\Documents\\sentient\\data\\raw\\sentinel2\\2020\\05\\sentinel2_compact_hyderabad_202005.tif', 'C:\\Users\\cyber\\OneDrive\\Documents\\sentient\\data\\raw\\sentinel2\\2020\\06\\sentinel2_compact_hyderabad_202006.tif', 'C:\\Users\\cyber\\OneDrive\\Documents\\sentient\\data\\raw\\sentinel2\\2020\\07\\sentinel2_compact_hyderabad_202007.tif', 'C:\\Users\\cyber\\OneDrive\\Documents\\sentient\\data\\raw\\sentinel2\\2020\\08\\sentinel2_compact_hyderabad_202008.tif', 'C:\\Users\\cyber\\OneDrive\\Documents\\sentient\\data\\raw\\sentinel2\\2020\\10\\sentinel2_compact_hyderabad_202010.tif', 'C:\\Users\\cyber\\OneDrive\\Documents\\sentient\\data\\raw\\sentinel2\\2020\\11\\sentinel2_compact_hyderabad_202011.tif', 'C:\\Users\\cyber\\OneDrive\\Documents\\sentient\\data\\raw\\sentinel2\\2020\\12\\sentinel2_compact_hyderabad_202012.tif']","Compact Sentinel-2 monthly median composites from GEE (max_cloud=40, scale=20m)."
2026-04-30T11:47:58+00:00,landsat,Hyderabad,2020-01-01,2020-12-31,78.2,17.2,78.7,17.65,EPSG:4326,"['C:\\Users\\cyber\\OneDrive\\Documents\\sentient\\data\\raw\\landsat\\2020\\01\\landsat_composite_hyderabad_202001.tif', 'C:\\Users\\cyber\\OneDrive\\Documents\\sentient\\data\\raw\\landsat\\2020\\02\\landsat_composite_hyderabad_202002.tif', 'C:\\Users\\cyber\\OneDrive\\Documents\\sentient\\data\\raw\\landsat\\2020\\03\\landsat_composite_hyderabad_202003.tif', 'C:\\Users\\cyber\\OneDrive\\Documents\\sentient\\data\\raw\\landsat\\2020\\04\\landsat_composite_hyderabad_202004.tif', 'C:\\Users\\cyber\\OneDrive\\Documents\\sentient\\data\\raw\\landsat\\2020\\05\\landsat_composite_hyderabad_202005.tif', 'C:\\Users\\cyber\\OneDrive\\Documents\\sentient\\data\\raw\\landsat\\2020\\07\\landsat_composite_hyderabad_202007.tif', 'C:\\Users\\cyber\\OneDrive\\Documents\\sentient\\data\\raw\\landsat\\2020\\09\\landsat_composite_hyderabad_202009.tif', 'C:\\Users\\cyber\\OneDrive\\Documents\\sentient\\data\\raw\\landsat\\2020\\10\\landsat_composite_hyderabad_202010.tif', 'C:\\Users\\cyber\\OneDrive\\Documents\\sentient\\data\\raw\\landsat\\2020\\11\\landsat_composite_hyderabad_202011.tif', 'C:\\Users\\cyber\\OneDrive\\Documents\\sentient\\data\\raw\\landsat\\2020\\12\\landsat_composite_hyderabad_202012.tif']","Landsat L2 monthly median composites from GEE (LC08+LC09, scale=30m)."
2026-04-30T11:48:53+00:00,nightlights,Hyderabad,2020-01-01,2020-12-31,78.2,17.2,78.7,17.65,EPSG:4326,"['C:\\Users\\cyber\\OneDrive\\Documents\\sentient\\data\\raw\\nightlights\\2020\\01\\viirs_monthly_hyderabad_202001.tif', 'C:\\Users\\cyber\\OneDrive\\Documents\\sentient\\data\\raw\\nightlights\\2020\\02\\viirs_monthly_hyderabad_202002.tif', 'C:\\Users\\cyber\\OneDrive\\Documents\\sentient\\data\\raw\\nightlights\\2020\\03\\viirs_monthly_hyderabad_202003.tif', 'C:\\Users\\cyber\\OneDrive\\Documents\\sentient\\data\\raw\\nightlights\\2020\\04\\viirs_monthly_hyderabad_202004.tif', 'C:\\Users\\cyber\\OneDrive\\Documents\\sentient\\data\\raw\\nightlights\\2020\\05\\viirs_monthly_hyderabad_202005.tif', 'C:\\Users\\cyber\\OneDrive\\Documents\\sentient\\data\\raw\\nightlights\\2020\\06\\viirs_monthly_hyderabad_202006.tif', 'C:\\Users\\cyber\\OneDrive\\Documents\\sentient\\data\\raw\\nightlights\\2020\\07\\viirs_monthly_hyderabad_202007.tif', 'C:\\Users\\cyber\\OneDrive\\Documents\\sentient\\data\\raw\\nightlights\\2020\\08\\viirs_monthly_hyderabad_202008.tif', 'C:\\Users\\cyber\\OneDrive\\Documents\\sentient\\data\\raw\\nightlights\\2020\\09\\viirs_monthly_hyderabad_202009.tif', 'C:\\Users\\cyber\\OneDrive\\Documents\\sentient\\data\\raw\\nightlights\\2020\\10\\viirs_monthly_hyderabad_202010.tif', 'C:\\Users\\cyber\\OneDrive\\Documents\\sentient\\data\\raw\\nightlights\\2020\\11\\viirs_monthly_hyderabad_202011.tif', 'C:\\Users\\cyber\\OneDrive\\Documents\\sentient\\data\\raw\\nightlights\\2020\\12\\viirs_monthly_hyderabad_202012.tif']",VIIRS monthly night-light composites from GEE (scale=500m).
2026-04-30T11:49:07+00:00,population,Hyderabad,2020-01-01,2020-12-31,78.2,17.2,78.7,17.65,EPSG:4326,['C:\\Users\\cyber\\OneDrive\\Documents\\sentient\\data\\raw\\population\\2020\\01\\worldpop_hyderabad_2020.tif'],WorldPop population rasters from GEE (scale=100m).
2026-04-30T11:59:36+00:00,sentinel1,Hyderabad,2021-01-01,2021-12-31,78.2,17.2,78.7,17.65,EPSG:4326,"['C:\\Users\\cyber\\OneDrive\\Documents\\sentient\\data\\raw\\sentinel1\\2021\\01\\sentinel1_compact_hyderabad_202101.tif', 'C:\\Users\\cyber\\OneDrive\\Documents\\sentient\\data\\raw\\sentinel1\\2021\\02\\sentinel1_compact_hyderabad_202102.tif', 'C:\\Users\\cyber\\OneDrive\\Documents\\sentient\\data\\raw\\sentinel1\\2021\\03\\sentinel1_compact_hyderabad_202103.tif', 'C:\\Users\\cyber\\OneDrive\\Documents\\sentient\\data\\raw\\sentinel1\\2021\\04\\sentinel1_compact_hyderabad_202104.tif', 'C:\\Users\\cyber\\OneDrive\\Documents\\sentient\\data\\raw\\sentinel1\\2021\\05\\sentinel1_compact_hyderabad_202105.tif', 'C:\\Users\\cyber\\OneDrive\\Documents\\sentient\\data\\raw\\sentinel1\\2021\\06\\sentinel1_compact_hyderabad_202106.tif', 'C:\\Users\\cyber\\OneDrive\\Documents\\sentient\\data\\raw\\sentinel1\\2021\\07\\sentinel1_compact_hyderabad_202107.tif', 'C:\\Users\\cyber\\OneDrive\\Documents\\sentient\\data\\raw\\sentinel1\\2021\\08\\sentinel1_compact_hyderabad_202108.tif', 'C:\\Users\\cyber\\OneDrive\\Documents\\sentient\\data\\raw\\sentinel1\\2021\\09\\sentinel1_compact_hyderabad_202109.tif', 'C:\\Users\\cyber\\OneDrive\\Documents\\sentient\\data\\raw\\sentinel1\\2021\\10\\sentinel1_compact_hyderabad_202110.tif', 'C:\\Users\\cyber\\OneDrive\\Documents\\sentient\\data\\raw\\sentinel1\\2021\\11\\sentinel1_compact_hyderabad_202111.tif', 'C:\\Users\\cyber\\OneDrive\\Documents\\sentient\\data\\raw\\sentinel1\\2021\\12\\sentinel1_compact_hyderabad_202112.tif']",Compact Sentinel-1 VV monthly median composites from GEE (scale=20m).
2026-04-30T12:10:27+00:00,sentinel2,Hyderabad,2021-01-01,2021-12-31,78.2,17.2,78.7,17.65,EPSG:4326,"['C:\\Users\\cyber\\OneDrive\\Documents\\sentient\\data\\raw\\sentinel2\\2021\\01\\sentinel2_compact_hyderabad_202101.tif', 'C:\\Users\\cyber\\OneDrive\\Documents\\sentient\\data\\raw\\sentinel2\\2021\\02\\sentinel2_compact_hyderabad_202102.tif', 'C:\\Users\\cyber\\OneDrive\\Documents\\sentient\\data\\raw\\sentinel2\\2021\\03\\sentinel2_compact_hyderabad_202103.tif', 'C:\\Users\\cyber\\OneDrive\\Documents\\sentient\\data\\raw\\sentinel2\\2021\\04\\sentinel2_compact_hyderabad_202104.tif', 'C:\\Users\\cyber\\OneDrive\\Documents\\sentient\\data\\raw\\sentinel2\\2021\\05\\sentinel2_compact_hyderabad_202105.tif', 'C:\\Users\\cyber\\OneDrive\\Documents\\sentient\\data\\raw\\sentinel2\\2021\\06\\sentinel2_compact_hyderabad_202106.tif', 'C:\\Users\\cyber\\OneDrive\\Documents\\sentient\\data\\raw\\sentinel2\\2021\\07\\sentinel2_compact_hyderabad_202107.tif', 'C:\\Users\\cyber\\OneDrive\\Documents\\sentient\\data\\raw\\sentinel2\\2021\\09\\sentinel2_compact_hyderabad_202109.tif', 'C:\\Users\\cyber\\OneDrive\\Documents\\sentient\\data\\raw\\sentinel2\\2021\\10\\sentinel2_compact_hyderabad_202110.tif', 'C:\\Users\\cyber\\OneDrive\\Documents\\sentient\\data\\raw\\sentinel2\\2021\\11\\sentinel2_compact_hyderabad_202111.tif', 'C:\\Users\\cyber\\OneDrive\\Documents\\sentient\\data\\raw\\sentinel2\\2021\\12\\sentinel2_compact_hyderabad_202112.tif']","Compact Sentinel-2 monthly median composites from GEE (max_cloud=40, scale=20m)."
2026-04-30T12:12:31+00:00,landsat,Hyderabad,2021-01-01,2021-12-31,78.2,17.2,78.7,17.65,EPSG:4326,"['C:\\Users\\cyber\\OneDrive\\Documents\\sentient\\data\\raw\\landsat\\2021\\01\\landsat_composite_hyderabad_202101.tif', 'C:\\Users\\cyber\\OneDrive\\Documents\\sentient\\data\\raw\\landsat\\2021\\02\\landsat_composite_hyderabad_202102.tif', 'C:\\Users\\cyber\\OneDrive\\Documents\\sentient\\data\\raw\\landsat\\2021\\03\\landsat_composite_hyderabad_202103.tif', 'C:\\Users\\cyber\\OneDrive\\Documents\\sentient\\data\\raw\\landsat\\2021\\04\\landsat_composite_hyderabad_202104.tif', 'C:\\Users\\cyber\\OneDrive\\Documents\\sentient\\data\\raw\\landsat\\2021\\05\\landsat_composite_hyderabad_202105.tif', 'C:\\Users\\cyber\\OneDrive\\Documents\\sentient\\data\\raw\\landsat\\2021\\06\\landsat_composite_hyderabad_202106.tif', 'C:\\Users\\cyber\\OneDrive\\Documents\\sentient\\data\\raw\\landsat\\2021\\08\\landsat_composite_hyderabad_202108.tif', 'C:\\Users\\cyber\\OneDrive\\Documents\\sentient\\data\\raw\\landsat\\2021\\10\\landsat_composite_hyderabad_202110.tif', 'C:\\Users\\cyber\\OneDrive\\Documents\\sentient\\data\\raw\\landsat\\2021\\11\\landsat_composite_hyderabad_202111.tif', 'C:\\Users\\cyber\\OneDrive\\Documents\\sentient\\data\\raw\\landsat\\2021\\12\\landsat_composite_hyderabad_202112.tif']","Landsat L2 monthly median composites from GEE (LC08+LC09, scale=30m)."
2026-04-30T12:13:17+00:00,nightlights,Hyderabad,2021-01-01,2021-12-31,78.2,17.2,78.7,17.65,EPSG:4326,"['C:\\Users\\cyber\\OneDrive\\Documents\\sentient\\data\\raw\\nightlights\\2021\\01\\viirs_monthly_hyderabad_202101.tif', 'C:\\Users\\cyber\\OneDrive\\Documents\\sentient\\data\\raw\\nightlights\\2021\\02\\viirs_monthly_hyderabad_202102.tif', 'C:\\Users\\cyber\\OneDrive\\Documents\\sentient\\data\\raw\\nightlights\\2021\\03\\viirs_monthly_hyderabad_202103.tif', 'C:\\Users\\cyber\\OneDrive\\Documents\\sentient\\data\\raw\\nightlights\\2021\\04\\viirs_monthly_hyderabad_202104.tif', 'C:\\Users\\cyber\\OneDrive\\Documents\\sentient\\data\\raw\\nightlights\\2021\\05\\viirs_monthly_hyderabad_202105.tif', 'C:\\Users\\cyber\\OneDrive\\Documents\\sentient\\data\\raw\\nightlights\\2021\\06\\viirs_monthly_hyderabad_202106.tif', 'C:\\Users\\cyber\\OneDrive\\Documents\\sentient\\data\\raw\\nightlights\\2021\\07\\viirs_monthly_hyderabad_202107.tif', 'C:\\Users\\cyber\\OneDrive\\Documents\\sentient\\data\\raw\\nightlights\\2021\\08\\viirs_monthly_hyderabad_202108.tif', 'C:\\Users\\cyber\\OneDrive\\Documents\\sentient\\data\\raw\\nightlights\\2021\\09\\viirs_monthly_hyderabad_202109.tif', 'C:\\Users\\cyber\\OneDrive\\Documents\\sentient\\data\\raw\\nightlights\\2021\\10\\viirs_monthly_hyderabad_202110.tif', 'C:\\Users\\cyber\\OneDrive\\Documents\\sentient\\data\\raw\\nightlights\\2021\\11\\viirs_monthly_hyderabad_202111.tif', 'C:\\Users\\cyber\\OneDrive\\Documents\\sentient\\data\\raw\\nightlights\\2021\\12\\viirs_monthly_hyderabad_202112.tif']",VIIRS monthly night-light composites from GEE (scale=500m).
2026-04-30T12:13:27+00:00,population,Hyderabad,2021-01-01,2021-12-31,78.2,17.2,78.7,17.65,EPSG:4326,[],WorldPop population rasters from GEE (scale=100m).
2026-04-30T12:17:07+00:00,sentinel1,Hyderabad,2022-01-01,2022-12-31,78.2,17.2,78.7,17.65,EPSG:4326,"['C:\\Users\\cyber\\OneDrive\\Documents\\sentient\\data\\raw\\sentinel1\\2022\\01\\sentinel1_compact_hyderabad_202201.tif', 'C:\\Users\\cyber\\OneDrive\\Documents\\sentient\\data\\raw\\sentinel1\\2022\\02\\sentinel1_compact_hyderabad_202202.tif', 'C:\\Users\\cyber\\OneDrive\\Documents\\sentient\\data\\raw\\sentinel1\\2022\\03\\sentinel1_compact_hyderabad_202203.tif', 'C:\\Users\\cyber\\OneDrive\\Documents\\sentient\\data\\raw\\sentinel1\\2022\\04\\sentinel1_compact_hyderabad_202204.tif', 'C:\\Users\\cyber\\OneDrive\\Documents\\sentient\\data\\raw\\sentinel1\\2022\\05\\sentinel1_compact_hyderabad_202205.tif', 'C:\\Users\\cyber\\OneDrive\\Documents\\sentient\\data\\raw\\sentinel1\\2022\\06\\sentinel1_compact_hyderabad_202206.tif', 'C:\\Users\\cyber\\OneDrive\\Documents\\sentient\\data\\raw\\sentinel1\\2022\\07\\sentinel1_compact_hyderabad_202207.tif', 'C:\\Users\\cyber\\OneDrive\\Documents\\sentient\\data\\raw\\sentinel1\\2022\\08\\sentinel1_compact_hyderabad_202208.tif', 'C:\\Users\\cyber\\OneDrive\\Documents\\sentient\\data\\raw\\sentinel1\\2022\\09\\sentinel1_compact_hyderabad_202209.tif', 'C:\\Users\\cyber\\OneDrive\\Documents\\sentient\\data\\raw\\sentinel1\\2022\\10\\sentinel1_compact_hyderabad_202210.tif', 'C:\\Users\\cyber\\OneDrive\\Documents\\sentient\\data\\raw\\sentinel1\\2022\\11\\sentinel1_compact_hyderabad_202211.tif', 'C:\\Users\\cyber\\OneDrive\\Documents\\sentient\\data\\raw\\sentinel1\\2022\\12\\sentinel1_compact_hyderabad_202212.tif']",Compact Sentinel-1 VV monthly median composites from GEE (scale=20m).
2026-04-30T12:26:55+00:00,sentinel2,Hyderabad,2022-01-01,2022-12-31,78.2,17.2,78.7,17.65,EPSG:4326,"['C:\\Users\\cyber\\OneDrive\\Documents\\sentient\\data\\raw\\sentinel2\\2022\\01\\sentinel2_compact_hyderabad_202201.tif', 'C:\\Users\\cyber\\OneDrive\\Documents\\sentient\\data\\raw\\sentinel2\\2022\\02\\sentinel2_compact_hyderabad_202202.tif', 'C:\\Users\\cyber\\OneDrive\\Documents\\sentient\\data\\raw\\sentinel2\\2022\\03\\sentinel2_compact_hyderabad_202203.tif', 'C:\\Users\\cyber\\OneDrive\\Documents\\sentient\\data\\raw\\sentinel2\\2022\\04\\sentinel2_compact_hyderabad_202204.tif', 'C:\\Users\\cyber\\OneDrive\\Documents\\sentient\\data\\raw\\sentinel2\\2022\\05\\sentinel2_compact_hyderabad_202205.tif', 'C:\\Users\\cyber\\OneDrive\\Documents\\sentient\\data\\raw\\sentinel2\\2022\\06\\sentinel2_compact_hyderabad_202206.tif', 'C:\\Users\\cyber\\OneDrive\\Documents\\sentient\\data\\raw\\sentinel2\\2022\\08\\sentinel2_compact_hyderabad_202208.tif', 'C:\\Users\\cyber\\OneDrive\\Documents\\sentient\\data\\raw\\sentinel2\\2022\\10\\sentinel2_compact_hyderabad_202210.tif', 'C:\\Users\\cyber\\OneDrive\\Documents\\sentient\\data\\raw\\sentinel2\\2022\\11\\sentinel2_compact_hyderabad_202211.tif', 'C:\\Users\\cyber\\OneDrive\\Documents\\sentient\\data\\raw\\sentinel2\\2022\\12\\sentinel2_compact_hyderabad_202212.tif']","Compact Sentinel-2 monthly median composites from GEE (max_cloud=40, scale=20m)."
2026-04-30T12:28:50+00:00,landsat,Hyderabad,2022-01-01,2022-12-31,78.2,17.2,78.7,17.65,EPSG:4326,"['C:\\Users\\cyber\\OneDrive\\Documents\\sentient\\data\\raw\\landsat\\2022\\01\\landsat_composite_hyderabad_202201.tif', 'C:\\Users\\cyber\\OneDrive\\Documents\\sentient\\data\\raw\\landsat\\2022\\02\\landsat_composite_hyderabad_202202.tif', 'C:\\Users\\cyber\\OneDrive\\Documents\\sentient\\data\\raw\\landsat\\2022\\03\\landsat_composite_hyderabad_202203.tif', 'C:\\Users\\cyber\\OneDrive\\Documents\\sentient\\data\\raw\\landsat\\2022\\04\\landsat_composite_hyderabad_202204.tif', 'C:\\Users\\cyber\\OneDrive\\Documents\\sentient\\data\\raw\\landsat\\2022\\05\\landsat_composite_hyderabad_202205.tif', 'C:\\Users\\cyber\\OneDrive\\Documents\\sentient\\data\\raw\\landsat\\2022\\06\\landsat_composite_hyderabad_202206.tif', 'C:\\Users\\cyber\\OneDrive\\Documents\\sentient\\data\\raw\\landsat\\2022\\07\\landsat_composite_hyderabad_202207.tif', 'C:\\Users\\cyber\\OneDrive\\Documents\\sentient\\data\\raw\\landsat\\2022\\09\\landsat_composite_hyderabad_202209.tif', 'C:\\Users\\cyber\\OneDrive\\Documents\\sentient\\data\\raw\\landsat\\2022\\10\\landsat_composite_hyderabad_202210.tif', 'C:\\Users\\cyber\\OneDrive\\Documents\\sentient\\data\\raw\\landsat\\2022\\11\\landsat_composite_hyderabad_202211.tif', 'C:\\Users\\cyber\\OneDrive\\Documents\\sentient\\data\\raw\\landsat\\2022\\12\\landsat_composite_hyderabad_202212.tif']","Landsat L2 monthly median composites from GEE (LC08+LC09, scale=30m)."
2026-04-30T12:29:50+00:00,nightlights,Hyderabad,2022-01-01,2022-12-31,78.2,17.2,78.7,17.65,EPSG:4326,"['C:\\Users\\cyber\\OneDrive\\Documents\\sentient\\data\\raw\\nightlights\\2022\\01\\viirs_monthly_hyderabad_202201.tif', 'C:\\Users\\cyber\\OneDrive\\Documents\\sentient\\data\\raw\\nightlights\\2022\\02\\viirs_monthly_hyderabad_202202.tif', 'C:\\Users\\cyber\\OneDrive\\Documents\\sentient\\data\\raw\\nightlights\\2022\\03\\viirs_monthly_hyderabad_202203.tif', 'C:\\Users\\cyber\\OneDrive\\Documents\\sentient\\data\\raw\\nightlights\\2022\\04\\viirs_monthly_hyderabad_202204.tif', 'C:\\Users\\cyber\\OneDrive\\Documents\\sentient\\data\\raw\\nightlights\\2022\\05\\viirs_monthly_hyderabad_202205.tif', 'C:\\Users\\cyber\\OneDrive\\Documents\\sentient\\data\\raw\\nightlights\\2022\\06\\viirs_monthly_hyderabad_202206.tif', 'C:\\Users\\cyber\\OneDrive\\Documents\\sentient\\data\\raw\\nightlights\\2022\\07\\viirs_monthly_hyderabad_202207.tif', 'C:\\Users\\cyber\\OneDrive\\Documents\\sentient\\data\\raw\\nightlights\\2022\\08\\viirs_monthly_hyderabad_202208.tif', 'C:\\Users\\cyber\\OneDrive\\Documents\\sentient\\data\\raw\\nightlights\\2022\\09\\viirs_monthly_hyderabad_202209.tif', 'C:\\Users\\cyber\\OneDrive\\Documents\\sentient\\data\\raw\\nightlights\\2022\\10\\viirs_monthly_hyderabad_202210.tif', 'C:\\Users\\cyber\\OneDrive\\Documents\\sentient\\data\\raw\\nightlights\\2022\\11\\viirs_monthly_hyderabad_202211.tif', 'C:\\Users\\cyber\\OneDrive\\Documents\\sentient\\data\\raw\\nightlights\\2022\\12\\viirs_monthly_hyderabad_202212.tif']",VIIRS monthly night-light composites from GEE (scale=500m).
2026-04-30T12:30:02+00:00,population,Hyderabad,2022-01-01,2022-12-31,78.2,17.2,78.7,17.65,EPSG:4326,[],WorldPop population rasters from GEE (scale=100m).
2026-04-30T12:33:51+00:00,sentinel1,Hyderabad,2023-01-01,2023-12-31,78.2,17.2,78.7,17.65,EPSG:4326,"['C:\\Users\\cyber\\OneDrive\\Documents\\sentient\\data\\raw\\sentinel1\\2023\\01\\sentinel1_compact_hyderabad_202301.tif', 'C:\\Users\\cyber\\OneDrive\\Documents\\sentient\\data\\raw\\sentinel1\\2023\\02\\sentinel1_compact_hyderabad_202302.tif', 'C:\\Users\\cyber\\OneDrive\\Documents\\sentient\\data\\raw\\sentinel1\\2023\\03\\sentinel1_compact_hyderabad_202303.tif', 'C:\\Users\\cyber\\OneDrive\\Documents\\sentient\\data\\raw\\sentinel1\\2023\\04\\sentinel1_compact_hyderabad_202304.tif', 'C:\\Users\\cyber\\OneDrive\\Documents\\sentient\\data\\raw\\sentinel1\\2023\\05\\sentinel1_compact_hyderabad_202305.tif', 'C:\\Users\\cyber\\OneDrive\\Documents\\sentient\\data\\raw\\sentinel1\\2023\\06\\sentinel1_compact_hyderabad_202306.tif', 'C:\\Users\\cyber\\OneDrive\\Documents\\sentient\\data\\raw\\sentinel1\\2023\\07\\sentinel1_compact_hyderabad_202307.tif', 'C:\\Users\\cyber\\OneDrive\\Documents\\sentient\\data\\raw\\sentinel1\\2023\\08\\sentinel1_compact_hyderabad_202308.tif', 'C:\\Users\\cyber\\OneDrive\\Documents\\sentient\\data\\raw\\sentinel1\\2023\\09\\sentinel1_compact_hyderabad_202309.tif', 'C:\\Users\\cyber\\OneDrive\\Documents\\sentient\\data\\raw\\sentinel1\\2023\\10\\sentinel1_compact_hyderabad_202310.tif', 'C:\\Users\\cyber\\OneDrive\\Documents\\sentient\\data\\raw\\sentinel1\\2023\\11\\sentinel1_compact_hyderabad_202311.tif', 'C:\\Users\\cyber\\OneDrive\\Documents\\sentient\\data\\raw\\sentinel1\\2023\\12\\sentinel1_compact_hyderabad_202312.tif']",Compact Sentinel-1 VV monthly median composites from GEE (scale=20m).
2026-04-30T12:46:02+00:00,sentinel2,Hyderabad,2023-01-01,2023-12-31,78.2,17.2,78.7,17.65,EPSG:4326,"['C:\\Users\\cyber\\OneDrive\\Documents\\sentient\\data\\raw\\sentinel2\\2023\\01\\sentinel2_compact_hyderabad_202301.tif', 'C:\\Users\\cyber\\OneDrive\\Documents\\sentient\\data\\raw\\sentinel2\\2023\\02\\sentinel2_compact_hyderabad_202302.tif', 'C:\\Users\\cyber\\OneDrive\\Documents\\sentient\\data\\raw\\sentinel2\\2023\\03\\sentinel2_compact_hyderabad_202303.tif', 'C:\\Users\\cyber\\OneDrive\\Documents\\sentient\\data\\raw\\sentinel2\\2023\\04\\sentinel2_compact_hyderabad_202304.tif', 'C:\\Users\\cyber\\OneDrive\\Documents\\sentient\\data\\raw\\sentinel2\\2023\\05\\sentinel2_compact_hyderabad_202305.tif', 'C:\\Users\\cyber\\OneDrive\\Documents\\sentient\\data\\raw\\sentinel2\\2023\\06\\sentinel2_compact_hyderabad_202306.tif', 'C:\\Users\\cyber\\OneDrive\\Documents\\sentient\\data\\raw\\sentinel2\\2023\\07\\sentinel2_compact_hyderabad_202307.tif', 'C:\\Users\\cyber\\OneDrive\\Documents\\sentient\\data\\raw\\sentinel2\\2023\\08\\sentinel2_compact_hyderabad_202308.tif', 'C:\\Users\\cyber\\OneDrive\\Documents\\sentient\\data\\raw\\sentinel2\\2023\\09\\sentinel2_compact_hyderabad_202309.tif', 'C:\\Users\\cyber\\OneDrive\\Documents\\sentient\\data\\raw\\sentinel2\\2023\\10\\sentinel2_compact_hyderabad_202310.tif', 'C:\\Users\\cyber\\OneDrive\\Documents\\sentient\\data\\raw\\sentinel2\\2023\\11\\sentinel2_compact_hyderabad_202311.tif', 'C:\\Users\\cyber\\OneDrive\\Documents\\sentient\\data\\raw\\sentinel2\\2023\\12\\sentinel2_compact_hyderabad_202312.tif']","Compact Sentinel-2 monthly median composites from GEE (max_cloud=40, scale=20m)."
2026-04-30T12:48:00+00:00,landsat,Hyderabad,2023-01-01,2023-12-31,78.2,17.2,78.7,17.65,EPSG:4326,"['C:\\Users\\cyber\\OneDrive\\Documents\\sentient\\data\\raw\\landsat\\2023\\01\\landsat_composite_hyderabad_202301.tif', 'C:\\Users\\cyber\\OneDrive\\Documents\\sentient\\data\\raw\\landsat\\2023\\02\\landsat_composite_hyderabad_202302.tif', 'C:\\Users\\cyber\\OneDrive\\Documents\\sentient\\data\\raw\\landsat\\2023\\03\\landsat_composite_hyderabad_202303.tif', 'C:\\Users\\cyber\\OneDrive\\Documents\\sentient\\data\\raw\\landsat\\2023\\04\\landsat_composite_hyderabad_202304.tif', 'C:\\Users\\cyber\\OneDrive\\Documents\\sentient\\data\\raw\\landsat\\2023\\05\\landsat_composite_hyderabad_202305.tif', 'C:\\Users\\cyber\\OneDrive\\Documents\\sentient\\data\\raw\\landsat\\2023\\06\\landsat_composite_hyderabad_202306.tif', 'C:\\Users\\cyber\\OneDrive\\Documents\\sentient\\data\\raw\\landsat\\2023\\07\\landsat_composite_hyderabad_202307.tif', 'C:\\Users\\cyber\\OneDrive\\Documents\\sentient\\data\\raw\\landsat\\2023\\08\\landsat_composite_hyderabad_202308.tif', 'C:\\Users\\cyber\\OneDrive\\Documents\\sentient\\data\\raw\\landsat\\2023\\10\\landsat_composite_hyderabad_202310.tif', 'C:\\Users\\cyber\\OneDrive\\Documents\\sentient\\data\\raw\\landsat\\2023\\11\\landsat_composite_hyderabad_202311.tif', 'C:\\Users\\cyber\\OneDrive\\Documents\\sentient\\data\\raw\\landsat\\2023\\12\\landsat_composite_hyderabad_202312.tif']","Landsat L2 monthly median composites from GEE (LC08+LC09, scale=30m)."
2026-04-30T12:48:58+00:00,nightlights,Hyderabad,2023-01-01,2023-12-31,78.2,17.2,78.7,17.65,EPSG:4326,"['C:\\Users\\cyber\\OneDrive\\Documents\\sentient\\data\\raw\\nightlights\\2023\\01\\viirs_monthly_hyderabad_202301.tif', 'C:\\Users\\cyber\\OneDrive\\Documents\\sentient\\data\\raw\\nightlights\\2023\\02\\viirs_monthly_hyderabad_202302.tif', 'C:\\Users\\cyber\\OneDrive\\Documents\\sentient\\data\\raw\\nightlights\\2023\\03\\viirs_monthly_hyderabad_202303.tif', 'C:\\Users\\cyber\\OneDrive\\Documents\\sentient\\data\\raw\\nightlights\\2023\\04\\viirs_monthly_hyderabad_202304.tif', 'C:\\Users\\cyber\\OneDrive\\Documents\\sentient\\data\\raw\\nightlights\\2023\\05\\viirs_monthly_hyderabad_202305.tif', 'C:\\Users\\cyber\\OneDrive\\Documents\\sentient\\data\\raw\\nightlights\\2023\\06\\viirs_monthly_hyderabad_202306.tif', 'C:\\Users\\cyber\\OneDrive\\Documents\\sentient\\data\\raw\\nightlights\\2023\\07\\viirs_monthly_hyderabad_202307.tif', 'C:\\Users\\cyber\\OneDrive\\Documents\\sentient\\data\\raw\\nightlights\\2023\\08\\viirs_monthly_hyderabad_202308.tif', 'C:\\Users\\cyber\\OneDrive\\Documents\\sentient\\data\\raw\\nightlights\\2023\\09\\viirs_monthly_hyderabad_202309.tif', 'C:\\Users\\cyber\\OneDrive\\Documents\\sentient\\data\\raw\\nightlights\\2023\\10\\viirs_monthly_hyderabad_202310.tif', 'C:\\Users\\cyber\\OneDrive\\Documents\\sentient\\data\\raw\\nightlights\\2023\\11\\viirs_monthly_hyderabad_202311.tif', 'C:\\Users\\cyber\\OneDrive\\Documents\\sentient\\data\\raw\\nightlights\\2023\\12\\viirs_monthly_hyderabad_202312.tif']",VIIRS monthly night-light composites from GEE (scale=500m).
2026-04-30T12:49:04+00:00,population,Hyderabad,2023-01-01,2023-12-31,78.2,17.2,78.7,17.65,EPSG:4326,[],WorldPop population rasters from GEE (scale=100m).
2026-04-30T13:00:17+00:00,sentinel1,Hyderabad,2024-01-01,2024-12-31,78.2,17.2,78.7,17.65,EPSG:4326,"['C:\\Users\\cyber\\OneDrive\\Documents\\sentient\\data\\raw\\sentinel1\\2024\\01\\sentinel1_compact_hyderabad_202401.tif', 'C:\\Users\\cyber\\OneDrive\\Documents\\sentient\\data\\raw\\sentinel1\\2024\\02\\sentinel1_compact_hyderabad_202402.tif', 'C:\\Users\\cyber\\OneDrive\\Documents\\sentient\\data\\raw\\sentinel1\\2024\\03\\sentinel1_compact_hyderabad_202403.tif', 'C:\\Users\\cyber\\OneDrive\\Documents\\sentient\\data\\raw\\sentinel1\\2024\\04\\sentinel1_compact_hyderabad_202404.tif', 'C:\\Users\\cyber\\OneDrive\\Documents\\sentient\\data\\raw\\sentinel1\\2024\\05\\sentinel1_compact_hyderabad_202405.tif', 'C:\\Users\\cyber\\OneDrive\\Documents\\sentient\\data\\raw\\sentinel1\\2024\\06\\sentinel1_compact_hyderabad_202406.tif', 'C:\\Users\\cyber\\OneDrive\\Documents\\sentient\\data\\raw\\sentinel1\\2024\\07\\sentinel1_compact_hyderabad_202407.tif', 'C:\\Users\\cyber\\OneDrive\\Documents\\sentient\\data\\raw\\sentinel1\\2024\\08\\sentinel1_compact_hyderabad_202408.tif', 'C:\\Users\\cyber\\OneDrive\\Documents\\sentient\\data\\raw\\sentinel1\\2024\\09\\sentinel1_compact_hyderabad_202409.tif', 'C:\\Users\\cyber\\OneDrive\\Documents\\sentient\\data\\raw\\sentinel1\\2024\\10\\sentinel1_compact_hyderabad_202410.tif', 'C:\\Users\\cyber\\OneDrive\\Documents\\sentient\\data\\raw\\sentinel1\\2024\\11\\sentinel1_compact_hyderabad_202411.tif', 'C:\\Users\\cyber\\OneDrive\\Documents\\sentient\\data\\raw\\sentinel1\\2024\\12\\sentinel1_compact_hyderabad_202412.tif']",Compact Sentinel-1 VV monthly median composites from GEE (scale=20m).
2026-04-30T13:15:16+00:00,sentinel2,Hyderabad,2024-01-01,2024-12-31,78.2,17.2,78.7,17.65,EPSG:4326,"['C:\\Users\\cyber\\OneDrive\\Documents\\sentient\\data\\raw\\sentinel2\\2024\\01\\sentinel2_compact_hyderabad_202401.tif', 'C:\\Users\\cyber\\OneDrive\\Documents\\sentient\\data\\raw\\sentinel2\\2024\\02\\sentinel2_compact_hyderabad_202402.tif', 'C:\\Users\\cyber\\OneDrive\\Documents\\sentient\\data\\raw\\sentinel2\\2024\\03\\sentinel2_compact_hyderabad_202403.tif', 'C:\\Users\\cyber\\OneDrive\\Documents\\sentient\\data\\raw\\sentinel2\\2024\\04\\sentinel2_compact_hyderabad_202404.tif', 'C:\\Users\\cyber\\OneDrive\\Documents\\sentient\\data\\raw\\sentinel2\\2024\\05\\sentinel2_compact_hyderabad_202405.tif', 'C:\\Users\\cyber\\OneDrive\\Documents\\sentient\\data\\raw\\sentinel2\\2024\\06\\sentinel2_compact_hyderabad_202406.tif', 'C:\\Users\\cyber\\OneDrive\\Documents\\sentient\\data\\raw\\sentinel2\\2024\\07\\sentinel2_compact_hyderabad_202407.tif', 'C:\\Users\\cyber\\OneDrive\\Documents\\sentient\\data\\raw\\sentinel2\\2024\\09\\sentinel2_compact_hyderabad_202409.tif', 'C:\\Users\\cyber\\OneDrive\\Documents\\sentient\\data\\raw\\sentinel2\\2024\\10\\sentinel2_compact_hyderabad_202410.tif', 'C:\\Users\\cyber\\OneDrive\\Documents\\sentient\\data\\raw\\sentinel2\\2024\\11\\sentinel2_compact_hyderabad_202411.tif', 'C:\\Users\\cyber\\OneDrive\\Documents\\sentient\\data\\raw\\sentinel2\\2024\\12\\sentinel2_compact_hyderabad_202412.tif']","Compact Sentinel-2 monthly median composites from GEE (max_cloud=40, scale=20m)."
2026-04-30T13:18:43+00:00,landsat,Hyderabad,2024-01-01,2024-12-31,78.2,17.2,78.7,17.65,EPSG:4326,"['C:\\Users\\cyber\\OneDrive\\Documents\\sentient\\data\\raw\\landsat\\2024\\01\\landsat_composite_hyderabad_202401.tif', 'C:\\Users\\cyber\\OneDrive\\Documents\\sentient\\data\\raw\\landsat\\2024\\02\\landsat_composite_hyderabad_202402.tif', 'C:\\Users\\cyber\\OneDrive\\Documents\\sentient\\data\\raw\\landsat\\2024\\03\\landsat_composite_hyderabad_202403.tif', 'C:\\Users\\cyber\\OneDrive\\Documents\\sentient\\data\\raw\\landsat\\2024\\04\\landsat_composite_hyderabad_202404.tif', 'C:\\Users\\cyber\\OneDrive\\Documents\\sentient\\data\\raw\\landsat\\2024\\05\\landsat_composite_hyderabad_202405.tif', 'C:\\Users\\cyber\\OneDrive\\Documents\\sentient\\data\\raw\\landsat\\2024\\06\\landsat_composite_hyderabad_202406.tif', 'C:\\Users\\cyber\\OneDrive\\Documents\\sentient\\data\\raw\\landsat\\2024\\09\\landsat_composite_hyderabad_202409.tif', 'C:\\Users\\cyber\\OneDrive\\Documents\\sentient\\data\\raw\\landsat\\2024\\10\\landsat_composite_hyderabad_202410.tif', 'C:\\Users\\cyber\\OneDrive\\Documents\\sentient\\data\\raw\\landsat\\2024\\11\\landsat_composite_hyderabad_202411.tif', 'C:\\Users\\cyber\\OneDrive\\Documents\\sentient\\data\\raw\\landsat\\2024\\12\\landsat_composite_hyderabad_202412.tif']","Landsat L2 monthly median composites from GEE (LC08+LC09, scale=30m)."
2026-04-30T13:19:34+00:00,nightlights,Hyderabad,2024-01-01,2024-12-31,78.2,17.2,78.7,17.65,EPSG:4326,"['C:\\Users\\cyber\\OneDrive\\Documents\\sentient\\data\\raw\\nightlights\\2024\\01\\viirs_monthly_hyderabad_202401.tif', 'C:\\Users\\cyber\\OneDrive\\Documents\\sentient\\data\\raw\\nightlights\\2024\\02\\viirs_monthly_hyderabad_202402.tif', 'C:\\Users\\cyber\\OneDrive\\Documents\\sentient\\data\\raw\\nightlights\\2024\\03\\viirs_monthly_hyderabad_202403.tif', 'C:\\Users\\cyber\\OneDrive\\Documents\\sentient\\data\\raw\\nightlights\\2024\\04\\viirs_monthly_hyderabad_202404.tif', 'C:\\Users\\cyber\\OneDrive\\Documents\\sentient\\data\\raw\\nightlights\\2024\\05\\viirs_monthly_hyderabad_202405.tif', 'C:\\Users\\cyber\\OneDrive\\Documents\\sentient\\data\\raw\\nightlights\\2024\\06\\viirs_monthly_hyderabad_202406.tif', 'C:\\Users\\cyber\\OneDrive\\Documents\\sentient\\data\\raw\\nightlights\\2024\\07\\viirs_monthly_hyderabad_202407.tif', 'C:\\Users\\cyber\\OneDrive\\Documents\\sentient\\data\\raw\\nightlights\\2024\\08\\viirs_monthly_hyderabad_202408.tif', 'C:\\Users\\cyber\\OneDrive\\Documents\\sentient\\data\\raw\\nightlights\\2024\\09\\viirs_monthly_hyderabad_202409.tif', 'C:\\Users\\cyber\\OneDrive\\Documents\\sentient\\data\\raw\\nightlights\\2024\\10\\viirs_monthly_hyderabad_202410.tif', 'C:\\Users\\cyber\\OneDrive\\Documents\\sentient\\data\\raw\\nightlights\\2024\\11\\viirs_monthly_hyderabad_202411.tif', 'C:\\Users\\cyber\\OneDrive\\Documents\\sentient\\data\\raw\\nightlights\\2024\\12\\viirs_monthly_hyderabad_202412.tif']",VIIRS monthly night-light composites from GEE (scale=500m).
2026-04-30T13:19:44+00:00,population,Hyderabad,2024-01-01,2024-12-31,78.2,17.2,78.7,17.65,EPSG:4326,[],WorldPop population rasters from GEE (scale=100m).
